filename,reference,hypothesis,references_normalized,hypothesis_normalized,sample_wer_%,sample_cer_%
41893803.wav,There are potatoes in this sac,There are potatoes in this bag,there are potatoes in this sac,there are potatoes in this bag,16.67,6.67
41894051.wav,I will not go to the party,I won’t go to the party,i will not go to the party,i won’t go to the party,28.57,19.23
41894116.wav,The goat gave birth to twin babies,The goat gave birth to twin kids.,the goat gave birth to twin babies,the goat gave birth to twin kids,14.29,11.76
41894164.wav,It was her ring,This was her ring,it was her ring,this was her ring,25.0,20.0
41894181.wav,Which way should i chose,Which route should I take?,which way should i chose,which route should i take,40.0,37.5
41894271.wav,I miss you,You are not listening to me,i miss you,you are not listening to me,200.0,220.0
41894325.wav,I will warm up the boy,I will heat the boy,i will warm up the boy,i will heat the boy,33.33,31.82
41894365.wav,Its windy,It is windy,its windy,it is windy,100.0,22.22
41894368.wav,"when the cat saw the old lady, It ran to eat the mouse",The old woman saw the cat running to eat the mouse,when the cat saw the old lady it ran to eat the mouse,the old woman saw the cat running to eat the mouse,53.85,41.51
41894447.wav,sit down,Sit down,sit down,sit down,0.0,0.0
41894481.wav,I brush my teeth twice everyday,I brush my teeth twice a day,i brush my teeth twice everyday,i brush my teeth twice a day,33.33,16.13
41895634.wav,congratulations,Congratulations,congratulations,congratulations,0.0,0.0
41895636.wav,I am dead,I died,i am dead,i died,66.67,55.56
41895643.wav,I also enjoy listening to stories,I also enjoy stories,i also enjoy listening to stories,i also enjoy stories,33.33,39.39
41895650.wav,My house is small,I have a small house,my house is small,i have a small house,100.0,76.47
41895656.wav,It is 9:30,It is half past nine,it is 930,it is half past nine,100.0,155.56
41895662.wav,Snowflakes are falling,There are people,snowflakes are falling,there are people,66.67,72.73
41895675.wav,There is a comb,There is a comb,there is a comb,there is a comb,0.0,0.0
41895684.wav,I finished my rice when the tailor called,Tailor called when I just finished eating a bowl of rice.,i finished my rice when the tailor called,tailor called when i just finished eating a bowl of rice,125.0,104.88
41895685.wav,I am drinking wine,I am drinking wine,i am drinking wine,i am drinking wine,0.0,0.0
41895687.wav,I always buy food,I buy food everyday,i always buy food,i buy food everyday,50.0,94.12
41896109.wav,He is lost,He fell down.,he is lost,he fell down,66.67,70.0
41896146.wav,I have one rupee,I have one rupee,i have one rupee,i have one rupee,0.0,0.0
41896167.wav,The horse disappeared from under her,He disappeared from beneath the horse,the horse disappeared from under her,he disappeared from beneath the horse,83.33,52.78
41896168.wav,Apricot juice is best during summers.,Traditional apricot juice made in spring tastes the best,apricot juice is best during summers,traditional apricot juice made in spring tastes the best,116.67,91.67
41896173.wav,Where have you come from?,Where have you come from,where have you come from,where have you come from,0.0,0.0
41896181.wav,Dont panic,Don’t rush,dont panic,don’t rush,100.0,60.0
41896209.wav,Close the door,Close the door,close the door,close the door,0.0,0.0
41896224.wav,"Seeing him, the old woman was shocked","He saw that, and ran away",seeing him the old woman was shocked,he saw that and ran away,100.0,69.44
41896233.wav,What is its price?/How much is it?,What is this for?,what is its pricehow much is it,what is this for,71.43,61.29
41896253.wav,You ask him,You ask from him,you ask him,you ask from him,33.33,45.45
41896258.wav,Go to your room,Go to your room,go to your room,go to your room,0.0,0.0
41896262.wav,How are you cooking the flatbread(roti/chapati),How do you cook food?,how are you cooking the flatbreadrotichapati,how do you cook food,66.67,63.64
41896275.wav,I will not go,I won’t go,i will not go,i won’t go,50.0,38.46
41896277.wav,There are two women,There are two women.,there are two women,there are two women,0.0,0.0
41896286.wav,I will eat rice,I will eat rice,i will eat rice,i will eat rice,0.0,0.0
41896294.wav,I am your husband,I am your husband,i am your husband,i am your husband,0.0,0.0
41896304.wav,The leaf in my hand tore.,The leaf that was in my hand tore apart,the leaf in my hand tore,the leaf that was in my hand tore apart,50.0,62.5
41896309.wav,What did it do?,What did he do?,what did it do,what did he do,25.0,14.29
41896312.wav,From where was a girl matched for him?,Where is his fiance from?,from where was a girl matched for him,where is his fiance from,87.5,56.76
41901108.wav,A cow dies every day,One cow dies everyday,a cow dies every day,one cow dies everyday,60.0,20.0
41901129.wav,He used to eat one child every day,He ate one infant each day,he used to eat one child every day,he ate one infant each day,62.5,55.88
41901138.wav,I want to leave/go,I want to go,i want to leavego,i want to go,25.0,29.41
41901148.wav,We neither ate nor slept,We neither ate nor slept,we neither ate nor slept,we neither ate nor slept,0.0,0.0
41901149.wav,The sun has risen,The sun has rise,the sun has risen,the sun has rise,25.0,5.88
41901162.wav,what are these?,What are these?,what are these,what are these,0.0,0.0
41901170.wav,She is asking a question from us,She is asking us question,she is asking a question from us,she is asking us question,42.86,31.25
41901171.wav,I don’t enjoy it here,I am not enjoying it here.,i don’t enjoy it here,i am not enjoying it here,60.0,33.33
41901284.wav,This is a story,This is a story,this is a story,this is a story,0.0,0.0
41901291.wav,These men came yesterday,These men came yesterday,these men came yesterday,these men came yesterday,0.0,0.0
41901293.wav,Electricity will be available in Hunza,There will be electricity in Hunza,electricity will be available in hunza,there will be electricity in hunza,33.33,52.63
41901296.wav,"During winter, they really enjoyed listening to stories on long nights",Stories really entertained them in the long winter night,during winter they really enjoyed listening to stories on long nights,stories really entertained them in the long winter night,90.91,63.77
41901303.wav,Get well soon,Get well soon,get well soon,get well soon,0.0,0.0
41901317.wav,Grandfather was very tall,Grandpa was too tall,grandfather was very tall,grandpa was too tall,50.0,36.0
41901342.wav,My Houses are bigger than all.,My house is the bigger than all the houses,my houses are bigger than all,my house is the bigger than all the houses,83.33,51.72
41901350.wav,Wind complaint to the bird.,The wind complained to the bird.,wind complaint to the bird,the wind complained to the bird,40.0,23.08
41901366.wav,He did not get her name.,He couldn’t figure out her name.,he did not get her name,he couldn’t figure out her name,50.0,56.52
41901373.wav,There are so many stars in the sky,There are many stars in the sky.,there are so many stars in the sky,there are many stars in the sky,12.5,8.82
41901376.wav,Une ka mila numan shuan gaichimi,Nice meeting you.,une ka mila numan shuan gaichimi,nice meeting you,100.0,81.25
41901377.wav,"No, thank you, I’m just looking","No, I’m feeling better now",no thank you i’m just looking,no i’m feeling better now,83.33,75.86
41901389.wav,I will leave after school,I will walk after school,i will leave after school,i will walk after school,20.0,16.0
41901392.wav,"He’s a big, bulky guy",He is a naughty boy,he’s a big bulky guy,he is a naughty boy,100.0,60.0
41901393.wav,I love snowfall,I like snowfall,i love snowfall,i like snowfall,33.33,13.33
41901394.wav,That red book on the table is mine,The red book on the table is mine,that red book on the table is mine,the red book on the table is mine,12.5,5.88
41901401.wav,The milk got spilled,The milk boiled over,the milk got spilled,the milk boiled over,50.0,45.0
41901407.wav,I asked her to boil the water,I asked her to boil water,i asked her to boil the water,i asked her to boil water,14.29,13.79
41901409.wav,He was mad at me,He got mad at me,he was mad at me,he got mad at me,20.0,18.75
41906073.wav,The plane took off,The aeroplane flew,the plane took off,the aeroplane flew,75.0,66.67
41906096.wav,Grandfather used to tell me that he always saw grandmother in his dreams,My grandfather used to say that he always saw his wife in his dreams.,grandfather used to tell me that he always saw grandmother in his dreams,my grandfather used to say that he always saw his wife in his dreams,38.46,27.78
41906109.wav,He did not die,I am dying,he did not die,i am dying,100.0,78.57
41909219.wav,Listen to me,Listen to me,listen to me,listen to me,0.0,0.0
41909243.wav,"Go straight from here, it will come on the left",Go straight and your destination will be on the left.,go straight from here it will come on the left,go straight and your destination will be on the left,40.0,41.3
41909268.wav,The sun has risen,The sun rose.,the sun has risen,the sun rose,50.0,35.29
41909270.wav,There’s a knock on the door,There is a knock on the door.,there’s a knock on the door,there is a knock on the door,33.33,7.41
41909276.wav,The fire got angry,The fire became very angry,the fire got angry,the fire became very angry,50.0,61.11
41909278.wav,I am eating potatoes now,I do eat potatoes now,i am eating potatoes now,i do eat potatoes now,40.0,20.83
41909306.wav,I became happy seeing you,I am happy to see you.,i became happy seeing you,i am happy to see you,60.0,40.0
41909325.wav,There is one man,He is a man,there is one man,he is a man,50.0,37.5
41909804.wav,I am eating potatoes now,I am eating potatoes now,i am eating potatoes now,i am eating potatoes now,0.0,0.0
41909810.wav,"From here, at the next turn, there’s a shop with a green door; you’ll find it there","Go straight from here, in the corner there is a shop with a green door. You will get it there.",from here at the next turn there’s a shop with a green door you’ll find it there,go straight from here in the corner there is a shop with a green door you will get it there,52.94,38.75
41909812.wav,It a good day,Today is a good day.,it a good day,today is a good day,50.0,53.85
41909818.wav,It’s been raining heavily since yesterday,It has been raining since yesterday.,it’s been raining heavily since yesterday,it has been raining since yesterday,50.0,26.83
41909822.wav,He made us fly in the plane,He flew us in an airplane,he made us fly in the plane,he flew us in an airplane,57.14,44.44
41909825.wav,Tell me the truth,Tell me the truth,tell me the truth,tell me the truth,0.0,0.0
41909835.wav,Congratulations to you,Congratulations,congratulations to you,congratulations,66.67,31.82
41909842.wav,There are potatoes in this shopper,There are potatoes in this bag,there are potatoes in this shopper,there are potatoes in this bag,16.67,20.59
41909848.wav,The girl went running to hit the cat,"She ran towards me, hit me with a stone and left.",the girl went running to hit the cat,she ran towards me hit me with a stone and left,137.5,91.67
41909851.wav,Who’s there?,Who is it?,who’s there,who is it,150.0,63.64
P-009_Adp_408.wav,They are on the roof.,They are on the roof.,they are on the roof,they are on the roof,0.0,0.0
P-009_Adp_432.wav,The bus stopped near the bridge.,The bus stopped near the bridge.,the bus stopped near the bridge,the bus stopped near the bridge,0.0,0.0
P-009_Case_45.wav,She wrote with a pen.,She wrote with a pen.,she wrote with a pen,she wrote with a pen,0.0,0.0
P-009_Case_47.wav,We are at home.,We are at home.,we are at home,we are at home,0.0,0.0
P-009_Case_56.wav,I shall go to the north tomorrow.,I shall go to the north tomorrow.,i shall go to the north tomorrow,i shall go to the north tomorrow,0.0,0.0
P-009_Case_58.wav,Ali went with Ahmed.,Ali went with Ahmed.,ali went with ahmed,ali went with ahmed,0.0,0.0
P-009_Case_62.wav,He cut the meat with a knife.,He cut the meat with a knife.,he cut the meat with a knife,he cut the meat with a knife,0.0,0.0
P-009_Case_63.wav,The children came from the river.,The children came from the river.,the children came from the river,the children came from the river,0.0,0.0
P-009_Cau_316.wav,Mother made me go outside.,Mother made me go outside.,mother made me go outside,mother made me go outside,0.0,0.0
P-009_Cau_323.wav,The house was burnt by the thieves.,The house was burnt by the thieves.,the house was burnt by the thieves,the house was burnt by the thieves,0.0,0.0
P-009_Cau_325.wav,The chair was broken by the children.,The chair was broken by the children.,the chair was broken by the children,the chair was broken by the children,0.0,0.0
P-009_Cau_333.wav,The rain made the road muddy.,The rain made the road muddy.,the rain made the road muddy,the rain made the road muddy,0.0,0.0
P-009_Cau_334.wav,The cold weather made him sick.,The cold weather made him sick.,the cold weather made him sick,the cold weather made him sick,0.0,0.0
P-009_Cau_341.wav,The heat made the ice melt.,The heat made the ice melt.,the heat made the ice melt,the heat made the ice melt,0.0,0.0
P-009_Cau_344.wav,The teacher made them read the story again.,The teacher made them read the story again.,the teacher made them read the story again,the teacher made them read the story again,0.0,0.0
P-009_Cls_187.wav,This is a tall tree.,This is a tall tree.,this is a tall tree,this is a tall tree,0.0,0.0
P-009_Cls_191.wav,This is a door.,This is a door.,this is a door,this is a door,0.0,0.0
P-009_Cls_197.wav,Tie them with a rope.,Tie them with a rope.,tie them with a rope,tie them with a rope,0.0,0.0
P-009_Cls_199.wav,There are two books on the table.,There are two books on the table.,there are two books on the table,there are two books on the table,0.0,0.0
P-009_Cls_205.wav,She ate four oranges.,She ate four oranges.,she ate four oranges,she ate four oranges,0.0,0.0
P-009_ECV_159.wav,He fell down.,He fell down.,he fell down,he fell down,0.0,0.0
P-009_ECV_161.wav,She called me.,She called me.,she called me,she called me,0.0,0.0
P-009_ECV_172.wav,"He stood up, picked the bag, and left.","He stood up, picked the bag, and left.",he stood up picked the bag and left,he stood up picked the bag and left,0.0,0.0
P-009_ECV_173.wav,She cooked food and served the children.,She cooked food and served the children.,she cooked food and served the children,she cooked food and served the children,0.0,0.0
P-009_ECV_176.wav,"After studying, he played outside.","After studying, he played outside.",after studying he played outside,after studying he played outside,0.0,0.0
P-009_ECV_180.wav,He looked at me and smiled.,He looked at me and smiled.,he looked at me and smiled,he looked at me and smiled,0.0,0.0
P-009_Imp_479.wav,Wait here.,Wait here.,wait here,wait here,0.0,0.0
P-009_Imp_480.wav,Speak slowly.,Speak slowly.,speak slowly,speak slowly,0.0,0.0
P-009_Imp_482.wav,Do not touch that.,Do not touch that.,do not touch that,do not touch that,0.0,0.0
P-009_Imp_484.wav,Do not run inside.,Did they not walk inside?,do not run inside,did they not walk inside,75.0,64.71
P-009_Imp_486.wav,Go and bring milk.,Go and bring milk.,go and bring milk,go and bring milk,0.0,0.0
P-009_Imp_491.wav,Please wait a moment.,Please wait a moment.,please wait a moment,please wait a moment,0.0,0.0
P-009_Imp_495.wav,Let her sit here.,Let her sit here.,let her sit here,let her sit here,0.0,0.0
P-009_Imp_496.wav,Bring the children inside.,Bring the children inside.,bring the children inside,bring the children inside,0.0,0.0
P-009_Int_223.wav,Can you help me?,Can you help me?,can you help me,can you help me,0.0,0.0
P-009_Int_224.wav,Will he come tomorrow?,Will he come tomorrow?,will he come tomorrow,will he come tomorrow,0.0,0.0
P-009_Int_226.wav,Do you know her?,Do you know her?,do you know her,do you know her,0.0,0.0
P-009_Int_227.wav,What did she say?,What did she say?,what did she say,what did she say,0.0,0.0
P-009_Int_232.wav,Where did they go last night?,Where did they go last night?,where did they go last night,where did they go last night,0.0,0.0
P-009_Int_235.wav,Where should we meet?,Where should we meet?,where should we meet,where should we meet,0.0,0.0
P-009_Int_239.wav,Why are they shouting?,Why are they shouting?,why are they shouting,why are they shouting,0.0,0.0
P-009_Int_354.wav,Are you feeling better now?,Are you feeling better now?,are you feeling better now,are you feeling better now,0.0,0.0
P-009_Int_365.wav,Do you have a headache?,Do you have a headache?,do you have a headache,do you have a headache,0.0,0.0
P-009_Int_366.wav,Whose child is this?,Whose child is this?,whose child is this,whose child is this,0.0,0.0
P-009_Neg_104.wav,He left without informing anyone.,He left without informing anyone.,he left without informing anyone,he left without informing anyone,0.0,0.0
P-009_Neg_110.wav,I did not play today.,I did not play today.,i did not play today,i did not play today,0.0,0.0
P-009_Neg_122.wav,The bird is no longer on the tree.,The bird is no longer on the tree.,the bird is no longer on the tree,the bird is no longer on the tree,0.0,0.0
P-009_Neg_95.wav,There is no water in the river.,There is no water in the river.,there is no water in the river,there is no water in the river,0.0,0.0
P-009_Neg_96.wav,He cannot sing.,He cannot sing.,he cannot sing,he cannot sing,0.0,0.0
P-009_Neg_97.wav,You may not go now.,You may not go now.,you may not go now,you may not go now,0.0,0.0
P-009_Pas_438.wav,The food was cooked.,The food was cooked.,the food was cooked,the food was cooked,0.0,0.0
P-009_Pas_439.wav,The food was cooked by her.,The food was cooked by her.,the food was cooked by her,the food was cooked by her,0.0,0.0
P-009_Pas_441.wav,The house was built by them.,The house was built by them.,the house was built by them,the house was built by them,0.0,0.0
P-009_Pas_442.wav,The letter was written.,The letter was written.,the letter was written,the letter was written,0.0,0.0
P-009_Pas_448.wav,The rice will be cooked.,The rice will be cooked.,the rice will be cooked,the rice will be cooked,0.0,0.0
P-009_Pas_451.wav,The tree was cut down by the men.,The man cut the tree with an axe.,the tree was cut down by the men,the man cut the tree with an axe,87.5,71.88
P-009_Pas_452.wav,The girl was taught by her mother.,The girl was taught by her mother.,the girl was taught by her mother,the girl was taught by her mother,0.0,0.0
P-009_Pas_455.wav,The baby was carried.,The baby cries.,the baby was carried,the baby cries,50.0,35.0
P-009_Pas_463.wav,The vegetables are washed before cooking.,The vegetables are washed before cooking.,the vegetables are washed before cooking,the vegetables are washed before cooking,0.0,0.0
P-009_Pas_464.wav,The bridge was destroyed by the flood.,The bridge was destroyed by the flood.,the bridge was destroyed by the flood,the bridge was destroyed by the flood,0.0,0.0
P-009_Pos_377.wav,She has a new phone.,She has a new phone.,she has a new phone,she has a new phone,0.0,0.0
P-009_Pos_378.wav,They have a car.,They have a car.,they have a car,they have a car,0.0,0.0
P-009_Pos_380.wav,We have three goats.,We have three goats.,we have three goats,we have three goats,0.0,0.0
P-009_Pos_381.wav,She has a daughter.,She has a daughter.,she has a daughter,she has a daughter,0.0,0.0
P-009_Pos_392.wav,The school has many teachers.,The school has many teachers.,the school has many teachers,the school has many teachers,0.0,0.0
P-009_Pos_398.wav,The river has clear water.,The river has clear water.,the river has clear water,the river has clear water,0.0,0.0
P-009_Pro_245.wav,You are late.,You are late.,you are late,you are late,0.0,0.0
P-009_Pro_246.wav,She is sleeping.,She is sleeping.,she is sleeping,she is sleeping,0.0,0.0
P-009_Pro_251.wav,She gave it to me.,She gave it to me.,she gave it to me,she gave it to me,0.0,0.0
P-009_Pro_255.wav,That is your book.,That is your book.,that is your book,that is your book,0.0,0.0
P-009_Pro_265.wav,That is a big tree.,That is a big tree.,that is a big tree,that is a big tree,0.0,0.0
P-009_Pro_274.wav,He came yesterday.,He came yesterday.,he came yesterday,he came yesterday,0.0,0.0
P-009_Pro_277.wav,We will meet later.,We will meet later.,we will meet later,we will meet later,0.0,0.0
P-009_Pro_278.wav,They already left.,They already left.,they already left,they already left,0.0,0.0
P-009_Ref_132.wav,Muhammad and Ahmad looked at each other.,Muhammad and Ahmad looked at each other.,muhammad and ahmad looked at each other,muhammad and ahmad looked at each other,0.0,0.0
P-009_Ref_133.wav,We met each other.,We met each other.,we met each other,we met each other,0.0,0.0
P-009_Ref_137.wav,They defended themselves in court.,They defended themselves in court.,they defended themselves in court,they defended themselves in court,0.0,0.0
P-009_Ref_140.wav,She taught herself to read.,She taught herself to read.,she taught herself to read,she taught herself to read,0.0,0.0
P-009_Ref_150.wav,The two teams competed against each other.,The two teams competed against each other.,the two teams competed against each other,the two teams competed against each other,0.0,0.0
P-009_Simple_13a.wav,She (right here) said that the woman is sleeping on the floor.,She (right here) said that the woman is sleeping on the floor.,she right here said that the woman is sleeping on the floor,she right here said that the woman is sleeping on the floor,0.0,0.0
P-009_Simple_14.wav,I want to go to the town tonight.,I want to go to the town tonight.,i want to go to the town tonight,i want to go to the town tonight,0.0,0.0
P-009_Simple_18.wav,I will go when my mother comes.,I will go when my mother comes.,i will go when my mother comes,i will go when my mother comes,0.0,0.0
P-009_Simple_28.wav,We waited until the bus arrived.,We waited until the bus arrived.,we waited until the bus arrived,we waited until the bus arrived,0.0,0.0
P-009_Simple_4.wav,I am Ali.,I am Ali.,i am ali,i am ali,0.0,0.0
P-009_Simple_5a.wav,Her (right here) name is Fatima.,Her (right here) name is Fatima.,her right here name is fatima,her right here name is fatima,0.0,0.0
P-009_Simple_7b.wav,She (not here) saw a man.,She (not here) saw a man.,she not here saw a man,she not here saw a man,0.0,0.0
P-009_TAM_67.wav,I fell down when she pushed me.,I fell down when she pushed me.,i fell down when she pushed me,i fell down when she pushed me,0.0,0.0
P-009_TAM_68.wav,I walk to the field every day.,I walk to the field every day.,i walk to the field every day,i walk to the field every day,0.0,0.0
P-009_TAM_71.wav,I could have taken the bus if I had money.,I could have taken the bus if I had money.,i could have taken the bus if i had money,i could have taken the bus if i had money,0.0,0.0
P-009_TAM_72b.wav,We are headed to the market now.,We are headed to the market now.,we are headed to the market now,we are headed to the market now,0.0,0.0
P-009_TAM_87.wav,She has already walked to the village.,She has already walked to the village.,she has already walked to the village,she has already walked to the village,0.0,0.0
P-009_Val_281.wav,The door opened.,The door opened.,the door opened,the door opened,0.0,0.0
P-009_Val_290.wav,They turned off the light.,They turned off the light.,they turned off the light,they turned off the light,0.0,0.0
P-009_Val_294.wav,The girl danced.,The girl danced.,the girl danced,the girl danced,0.0,0.0
P-009_Val_296.wav,The man ran.,The man ran.,the man ran,the man ran,0.0,0.0
P-009_Val_301.wav,The fire burned.,The fire burned.,the fire burned,the fire burned,0.0,0.0
P-009_Val_302.wav,They burned the firewood.,They burned the firewood.,they burned the firewood,they burned the firewood,0.0,0.0
P-009_Val_310.wav,The teacher spoke to the class.,The teacher spoke to the class.,the teacher spoke to the class,the teacher spoke to the class,0.0,0.0
P-009_Val_313.wav,The ball rolled.,The ball rolled.,the ball rolled,the ball rolled,0.0,0.0
P-016_Adp_415.wav,The key is inside the box.,The key is inside the box.,the key is inside the box,the key is inside the box,0.0,0.0
P-016_Adp_422.wav,He fell from the tree.,He fell from the tree.,he fell from the tree,he fell from the tree,0.0,0.0
P-016_Adp_428.wav,They built the wall with stones.,They built the wall with stones.,they built the wall with stones,they built the wall with stones,0.0,0.0
P-016_Adp_429.wav,The school is far from here.,The school is far from here.,the school is far from here,the school is far from here,0.0,0.0
P-016_Adp_431.wav,We walked through the forest.,We walked through the forest.,we walked through the forest,we walked through the forest,0.0,0.0
P-016_Case_31.wav,He (not here) kicked the ball.,He (not here) kicked the ball.,he not here kicked the ball,he not here kicked the ball,0.0,0.0
P-016_Case_46.wav,My sister is in school.,My sister is in school.,my sister is in school,my sister is in school,0.0,0.0
P-016_Case_48.wav,He wrote the letter with a pen.,He wrote the letter with a pen.,he wrote the letter with a pen,he wrote the letter with a pen,0.0,0.0
P-016_Case_51.wav,My sister is in school.,My sister is in school.,my sister is in school,my sister is in school,0.0,0.0
P-016_Case_53.wav,Leaves are falling down from the tree.,Leaves are falling down from the tree.,leaves are falling down from the tree,leaves are falling down from the tree,0.0,0.0
P-016_Case_55.wav,He is in the house.,He is in the house.,he is in the house,he is in the house,0.0,0.0
P-016_Case_60.wav,He came with his friend.,He came with his friend.,he came with his friend,he came with his friend,0.0,0.0
P-016_Cau_315.wav,The nurse fed the baby.,The nurse fed the baby.,the nurse fed the baby,the nurse fed the baby,0.0,0.0
P-016_Cau_318.wav,I made the girl clean the room with a broom.,I made the girl clean the room with a broom.,i made the girl clean the room with a broom,i made the girl clean the room with a broom,0.0,0.0
P-016_Cau_319.wav,I made the girl ask the maid to clean the room.,I made the girl ask the maid to clean the room.,i made the girl ask the maid to clean the room,i made the girl ask the maid to clean the room,0.0,0.0
P-016_Cau_321.wav,Aqsa made him food.,Aqsa made him food.,aqsa made him food,aqsa made him food,0.0,0.0
P-016_Cau_324.wav,"Because of bad weather, we could not go to the village.","Because of bad weather, we could not go to the village.",because of bad weather we could not go to the village,because of bad weather we could not go to the village,0.0,0.0
P-016_Cau_326.wav,I am unable to walk.,I am unable to walk.,i am unable to walk,i am unable to walk,0.0,0.0
P-016_Cau_330.wav,The parents made the boy study.,The parents made the boy study.,the parents made the boy study,the parents made the boy study,0.0,0.0
P-016_Cau_334.wav,The cold weather made him sick.,The cold weather made him sick.,the cold weather made him sick,the cold weather made him sick,0.0,0.0
P-016_Cau_336.wav,The wind made the trees fall.,The wind made the trees fall.,the wind made the trees fall,the wind made the trees fall,0.0,0.0
P-016_Cau_337.wav,The doctor made me take medicine.,The birds shared their food.,the doctor made me take medicine,the birds shared their food,83.33,71.88
P-016_Cau_340.wav,They made her clean the house.,They made her clean the house.,they made her clean the house,they made her clean the house,0.0,0.0
P-016_Cau_343.wav,The joke made everyone laugh.,The joke made everyone laugh.,the joke made everyone laugh,the joke made everyone laugh,0.0,0.0
P-016_Cls_196.wav,Do not beat the student with a stick.,Do not beat the student with a stick.,do not beat the student with a stick,do not beat the student with a stick,0.0,0.0
P-016_Cls_199.wav,There are two books on the table.,There are two books on the table.,there are two books on the table,there are two books on the table,0.0,0.0
P-016_Cls_202.wav,Give me one apple.,Give me one apple.,give me one apple,give me one apple,0.0,0.0
P-016_Cls_205.wav,She ate four oranges.,She ate four oranges.,she ate four oranges,she ate four oranges,0.0,0.0
P-016_ECV_156.wav,He died.,He died.,he died,he died,0.0,0.0
P-016_ECV_164.wav,Emaan kicked me and ran away.,Emaan kicked me and ran away.,emaan kicked me and ran away,emaan kicked me and ran away,0.0,0.0
P-016_ECV_169.wav,"He came, sat, ate and went away.","He came, sat, ate and went away.",he came sat ate and went away,he came sat ate and went away,0.0,0.0
P-016_ECV_171.wav,Finish your work and come home.,Finish your work and come home.,finish your work and come home,finish your work and come home,0.0,0.0
P-016_ECV_176.wav,"After studying, he played outside.","After studying, he played outside.",after studying he played outside,after studying he played outside,0.0,0.0
P-016_ECV_180.wav,He looked at me and smiled.,He looked at me and smiled.,he looked at me and smiled,he looked at me and smiled,0.0,0.0
P-016_Imp_466.wav,Come here.,Come here.,come here,come here,0.0,0.0
P-016_Imp_468.wav,Sit down.,Sit down.,sit down,sit down,0.0,0.0
P-016_Imp_471.wav,Look at me.,Look at me.,look at me,look at me,0.0,0.0
P-016_Imp_473.wav,Write your name.,Write your name.,write your name,write your name,0.0,0.0
P-016_Imp_483.wav,Do not speak loudly.,Do not speak loudly.,do not speak loudly,do not speak loudly,0.0,0.0
P-016_Imp_487.wav,Sit and listen.,Sit and listen.,sit and listen,sit and listen,0.0,0.0
P-016_Imp_490.wav,Wash your hands before eating.,Wash your hands before eating.,wash your hands before eating,wash your hands before eating,0.0,0.0
P-016_Imp_491.wav,Please wait a moment.,Please wait a moment.,please wait a moment,please wait a moment,0.0,0.0
P-016_Imp_492.wav,Please help the children.,Please help the children.,please help the children,please help the children,0.0,0.0
P-016_Imp_493.wav,Let them come inside.,Let them come inside.,let them come inside,let them come inside,0.0,0.0
P-016_Int_216.wav,Who is coming with you?,Who is coming with you?,who is coming with you,who is coming with you,0.0,0.0
P-016_Int_222.wav,Did you eat?,Did you eat?,did you eat,did you eat,0.0,0.0
P-016_Int_228.wav,How many people are here?,How many people are here?,how many people are here,how many people are here,0.0,0.0
P-016_Int_230.wav,Do you have money?,Do you have money?,do you have money,do you have money,0.0,0.0
P-016_Int_235.wav,Where should we meet?,Where should we meet?,where should we meet,where should we meet,0.0,0.0
P-016_Int_240.wav,When did you see him?,When did you see him?,when did you see him,when did you see him,0.0,0.0
P-016_Int_347.wav,Who came yesterday?,Who came yesterday?,who came yesterday,who came yesterday,0.0,0.0
P-016_Int_360.wav,Who gave you money?,Who gave you money?,who gave you money,who gave you money,0.0,0.0
P-016_Int_362.wav,Where did she come from?,Where did she come from?,where did she come from,where did she come from,0.0,0.0
P-016_Int_363.wav,Who are you going with?,Who are you going with?,who are you going with,who are you going with,0.0,0.0
P-016_Int_364.wav,Where did he put the books?,Where did he put the books?,where did he put the books,where did he put the books,0.0,0.0
P-016_Int_365.wav,Do you have a headache?,Do you have a headache?,do you have a headache,do you have a headache,0.0,0.0
P-016_Int_366.wav,Whose child is this?,Whose child is this?,whose child is this,whose child is this,0.0,0.0
P-016_Int_370.wav,May I open the door?,May I open the door?,may i open the door,may i open the door,0.0,0.0
P-016_Neg_103.wav,I had not eaten yet.,I had not eaten yet.,i had not eaten yet,i had not eaten yet,0.0,0.0
P-016_Neg_107.wav,I do not know.,I do not know.,i do not know,i do not know,0.0,0.0
P-016_Neg_108.wav,Do not enter.,Do not enter.,do not enter,do not enter,0.0,0.0
P-016_Neg_111.wav,I think he will not come.,I think he will not come.,i think he will not come,i think he will not come,0.0,0.0
P-016_Neg_113.wav,I never drink juice.,I never drink juice.,i never drink juice,i never drink juice,0.0,0.0
P-016_Neg_116.wav,Nothing can be done about his illness.,Nothing can be done about his illness.,nothing can be done about his illness,nothing can be done about his illness,0.0,0.0
P-016_Neg_119.wav,Not even my sister believed me.,Not even my sister believed me.,not even my sister believed me,not even my sister believed me,0.0,0.0
P-016_Neg_94c.wav,She (right here) is not a teacher.,She (right here) is not a teacher.,she right here is not a teacher,she right here is not a teacher,0.0,0.0
P-016_Neg_98.wav,We will not upset you.,We will not upset you.,we will not upset you,we will not upset you,0.0,0.0
P-016_Neg_99.wav,You must not move now.,You must not move now.,you must not move now,you must not move now,0.0,0.0
P-016_Pas_436.wav,The door was opened.,Open the door.,the door was opened,open the door,75.0,84.21
P-016_Pas_440.wav,The house was built last year.,The house was built last year.,the house was built last year,the house was built last year,0.0,0.0
P-016_Pas_442.wav,The letter was written.,The letter was written.,the letter was written,the letter was written,0.0,0.0
P-016_Pas_452.wav,The girl was taught by her mother.,The girl was taught by her mother.,the girl was taught by her mother,the girl was taught by her mother,0.0,0.0
P-016_Pos_383.wav,My family has land near the river.,My family has land near the river.,my family has land near the river,my family has land near the river,0.0,0.0
P-016_Pos_384.wav,They have no money.,They have no money.,they have no money,they have no money,0.0,0.0
P-016_Pos_390.wav,They have a plan.,They have a plan.,they have a plan,they have a plan,0.0,0.0
P-016_Pos_397.wav,Their shop has fresh bread.,Their shop has fresh bread.,their shop has fresh bread,their shop has fresh bread,0.0,0.0
P-016_Pos_398.wav,The river has clear water.,The river has clear water.,the river has clear water,the river has clear water,0.0,0.0
P-016_Pos_400.wav,The city has many parks.,The city has many parks.,the city has many parks,the city has many parks,0.0,0.0
P-016_Pos_404.wav,I have work to do today.,I have work to do today.,i have work to do today,i have work to do today,0.0,0.0
P-016_Pro_245.wav,You are late.,You are late.,you are late,you are late,0.0,0.0
P-016_Pro_249.wav,We will go tomorrow.,We will go tomorrow.,we will go tomorrow,we will go tomorrow,0.0,0.0
P-016_Pro_250.wav,I saw them.,I saw them.,i saw them,i saw them,0.0,0.0
P-016_Pro_259.wav,She talked about herself.,She talked about herself.,she talked about herself,she talked about herself,0.0,0.0
P-016_Pro_266.wav,These are my clothes.,These are my clothes.,these are my clothes,these are my clothes,0.0,0.0
P-016_Pro_271.wav,Leave it over there.,Leave it over there.,leave it over there,leave it over there,0.0,0.0
P-016_Ref_128.wav,Nobody loved her.,Nobody loved her.,nobody loved her,nobody loved her,0.0,0.0
P-016_Ref_132.wav,Muhammad and Ahmad looked at each other.,Muhammad and Ahmad looked at each other.,muhammad and ahmad looked at each other,muhammad and ahmad looked at each other,0.0,0.0
P-016_Ref_133.wav,We met each other.,We met each other.,we met each other,we met each other,0.0,0.0
P-016_Simple_18.wav,I will go when my mother comes.,I will go when my mother comes.,i will go when my mother comes,i will go when my mother comes,0.0,0.0
P-016_Simple_19.wav,"If it rains a lot, the plants will grow better.","If it rains a lot, the plants will grow better.",if it rains a lot the plants will grow better,if it rains a lot the plants will grow better,0.0,0.0
P-016_Simple_21a.wav,She (right here) wanted to sleep early.,She (right here) wanted to sleep early.,she right here wanted to sleep early,she right here wanted to sleep early,0.0,0.0
P-016_Simple_21b.wav,She (not here) wanted to sleep early.,She (not here) wanted to sleep early.,she not here wanted to sleep early,she not here wanted to sleep early,0.0,0.0
P-016_Simple_29.wav,"Although it was late, they (not here) kept working.","Although it was late, they (not here) kept working.",although it was late they not here kept working,although it was late they not here kept working,0.0,0.0
P-016_Simple_5b.wav,Her (not here) name is Fatima.,Her (not here) name is Fatima.,her not here name is fatima,her not here name is fatima,0.0,0.0
P-016_Simple_7a.wav,She (right here) saw a man.,She (right here) saw a man.,she right here saw a man,she right here saw a man,0.0,0.0
P-016_TAM_65.wav,I am walking to field now.,I am walking to field now.,i am walking to field now,i am walking to field now,0.0,0.0
P-016_TAM_66.wav,I was walking.,I was walking.,i was walking,i was walking,0.0,0.0
P-016_TAM_67.wav,I fell down when she pushed me.,I fell down when she pushed me.,i fell down when she pushed me,i fell down when she pushed me,0.0,0.0
P-016_TAM_75.wav,You walk to school daily.,You walk to school daily.,you walk to school daily,you walk to school daily,0.0,0.0
P-016_TAM_82.wav,I might walk there later.,I might walk there later.,i might walk there later,i might walk there later,0.0,0.0
P-016_TAM_87.wav,She has already walked to the village.,She has already walked to the village.,she has already walked to the village,she has already walked to the village,0.0,0.0
P-016_TAM_90.wav,"I want to walk, but I am tired.","I want to walk, but I am tired.",i want to walk but i am tired,i want to walk but i am tired,0.0,0.0
P-016_TAM_91.wav,"If it rains, we will walk later.","If it rains, we will walk later.",if it rains we will walk later,if it rains we will walk later,0.0,0.0
P-016_TAM_93.wav,They might have walked without us.,They might have walked without us.,they might have walked without us,they might have walked without us,0.0,0.0
P-016_Val_281.wav,The door opened.,The door opened.,the door opened,the door opened,0.0,0.0
P-016_Val_285.wav,The pot broke.,The pot broke.,the pot broke,the pot broke,0.0,0.0
P-016_Val_295.wav,The ice melted.,The ice melted.,the ice melted,the ice melted,0.0,0.0
P-016_Val_298.wav,She made him go.,She made him go.,she made him go,she made him go,0.0,0.0
P-016_Val_307.wav,He swam.,He swam.,he swam,he swam,0.0,0.0
P-024_Case_46.wav,My sister is in school.,My sister is in school.,my sister is in school,my sister is in school,0.0,0.0
P-024_Case_48.wav,He wrote the letter with a pen.,He wrote the letter with a pen.,he wrote the letter with a pen,he wrote the letter with a pen,0.0,0.0
P-024_Case_50.wav,We washed the clothes with soap.,We washed the clothes with soap.,we washed the clothes with soap,we washed the clothes with soap,0.0,0.0
P-024_Case_52.wav,Fatima lives in Pakistan.,Fatima lives in Pakistan.,fatima lives in pakistan,fatima lives in pakistan,0.0,0.0
P-024_Case_55.wav,He is in the house.,He is in the house.,he is in the house,he is in the house,0.0,0.0
P-024_Case_56.wav,I shall go to the north tomorrow.,I shall go to the north tomorrow.,i shall go to the north tomorrow,i shall go to the north tomorrow,0.0,0.0
P-024_Cau_318.wav,I made the girl clean the room with a broom.,I made the girl clean the room with a broom.,i made the girl clean the room with a broom,i made the girl clean the room with a broom,0.0,0.0
P-024_Cau_326.wav,I am unable to walk.,I am unable to walk.,i am unable to walk,i am unable to walk,0.0,0.0
P-024_Cau_336.wav,The wind made the trees fall.,The wind made the trees fall.,the wind made the trees fall,the wind made the trees fall,0.0,0.0
P-024_Cau_337.wav,The doctor made me take medicine.,The doctor made me take medicine.,the doctor made me take medicine,the doctor made me take medicine,0.0,0.0
P-024_Cau_338.wav,She made them tell the truth.,She made me tell the truth.,she made them tell the truth,she made me tell the truth,16.67,10.71
P-024_Cau_339.wav,We made him carry the bags.,We made him carry the bags.,we made him carry the bags,we made him carry the bags,0.0,0.0
P-024_Cau_341.wav,The heat made the ice melt.,The heat made the ice melt.,the heat made the ice melt,the heat made the ice melt,0.0,0.0
P-024_Cls_186.wav,Dogs are barking.,Dogs are barking.,dogs are barking,dogs are barking,0.0,0.0
P-024_Cls_191.wav,This is a door.,This is a door.,this is a door,this is a door,0.0,0.0
P-024_Cls_194.wav,There is no water in the tank.,There is no water in the tank.,there is no water in the tank,there is no water in the tank,0.0,0.0
P-024_Cls_197.wav,Tie them with a rope.,Tie them with a rope.,tie them with a rope,tie them with a rope,0.0,0.0
P-024_Cls_199.wav,There are two books on the table.,There are two books on the table.,there are two books on the table,there are two books on the table,0.0,0.0
P-024_Cls_200.wav,The labourer needs fifty stones to build a house.,The labourer needs fifty stones to build a house.,the labourer needs fifty stones to build a house,the labourer needs fifty stones to build a house,0.0,0.0
P-024_Cls_207.wav,He bought three pieces of cloth.,He bought three pieces of cloth.,he bought three pieces of cloth,he bought three pieces of cloth,0.0,0.0
P-024_Cls_210.wav,They carried ten bags of rice.,They carried ten bags of rice.,they carried ten bags of rice,they carried ten bags of rice,0.0,0.0
P-024_ECV_162.wav,He blessed us.,He blessed us.,he blessed us,he blessed us,0.0,0.0
P-024_ECV_167.wav,I came here to see you.,I came here to see you.,i came here to see you,i came here to see you,0.0,0.0
P-024_ECV_172.wav,"He stood up, picked the bag, and left.","She stood up, picked the bag, and left.",he stood up picked the bag and left,she stood up picked the bag and left,12.5,2.86
P-024_ECV_173.wav,She cooked food and served the children.,She cooked food and served the children.,she cooked food and served the children,she cooked food and served the children,0.0,0.0
P-024_ECV_177.wav,She went to the market to buy vegetables.,She went to the market to buy vegetables.,she went to the market to buy vegetables,she went to the market to buy vegetables,0.0,0.0
P-024_Int_218.wav,When will you return?,When will you return?,when will you return,when will you return,0.0,0.0
P-024_Int_220.wav,Which book do you want?,Which book do you want?,which book do you want,which book do you want,0.0,0.0
P-024_Int_221.wav,Whose bag is this?,Whose bag is this?,whose bag is this,whose bag is this,0.0,0.0
P-024_Int_236.wav,Can she speak English?,Can she speak English?,can she speak english,can she speak english,0.0,0.0
P-024_Int_353.wav,Do you trust him?,Do you trust him?,do you trust him,do you trust him,0.0,0.0
P-024_Int_358.wav,What are they looking at?,What are they looking at?,what are they looking at,what are they looking at,0.0,0.0
P-024_Int_363.wav,Who are you going with?,Who are you going with?,who are you going with,who are you going with,0.0,0.0
P-024_Int_367.wav,Do they have enough food?,Do they have enough food?,do they have enough food,do they have enough food,0.0,0.0
P-024_Int_370.wav,May I open the door?,May I open the door?,may i open the door,may i open the door,0.0,0.0
P-024_Int_371.wav,Why didn’t you tell me?,Why didn’t you tell me?,why didn’t you tell me,why didn’t you tell me,0.0,0.0
P-024_Neg_101.wav,They have finished their job.,They have finished their job.,they have finished their job,they have finished their job,0.0,0.0
P-024_Neg_109.wav,I have no money.,I have no money.,i have no money,i have no money,0.0,0.0
P-024_Neg_116.wav,Nothing can be done about his illness.,Nothing can be done about his illness.,nothing can be done about his illness,nothing can be done about his illness,0.0,0.0
P-024_Neg_119.wav,Not even my sister believed me.,Not even my sister believed me.,not even my sister believed me,not even my sister believed me,0.0,0.0
P-024_Neg_121.wav,Not everyone passed.,Not everyone passed.,not everyone passed,not everyone passed,0.0,0.0
P-024_Neg_123.wav,If you don’t study you will fail.,If you don’t study you will fail.,if you don’t study you will fail,if you don’t study you will fail,0.0,0.0
P-024_Neg_94a.wav,He (right here) is not a teacher.,He (right here) is not a teacher.,he right here is not a teacher,he right here is not a teacher,0.0,0.0
P-024_Pos_377.wav,She has a new phone.,She has a new phone.,she has a new phone,she has a new phone,0.0,0.0
P-024_Pos_380.wav,We have three goats.,We have three goats.,we have three goats,we have three goats,0.0,0.0
P-024_Pos_381.wav,She has a daughter.,She has a daughter.,she has a daughter,she has a daughter,0.0,0.0
P-024_Pos_386.wav,She has a headache.,She has a headache.,she has a headache,she has a headache,0.0,0.0
P-024_Pos_387.wav,I have an illness.,I have an illness.,i have an illness,i have an illness,0.0,0.0
P-024_Pos_391.wav,She has good ideas.,She has good ideas.,she has good ideas,she has good ideas,0.0,0.0
P-024_Pos_392.wav,The school has many teachers.,The school has many teachers.,the school has many teachers,the school has many teachers,0.0,0.0
P-024_Pro_245.wav,You are late.,You are late.,you are late,you are late,0.0,0.0
P-024_Pro_250.wav,I saw them.,I saw them.,i saw them,i saw them,0.0,0.0
P-024_Pro_253.wav,He helped us.,He helped us.,he helped us,he helped us,0.0,0.0
P-024_Pro_256.wav,Their car is new.,Their car is new.,their car is new,their car is new,0.0,0.0
P-024_Pro_261.wav,She cut it with a knife.,She cut it with a knife.,she cut it with a knife,she cut it with a knife,0.0,0.0
P-024_Ref_130.wav,They told me about themselves.,They told me about themselves.,they told me about themselves,they told me about themselves,0.0,0.0
P-024_Ref_134.wav,They follow each other.,They follow each other.,they follow each other,they follow each other,0.0,0.0
P-024_Ref_136.wav,He hurt himself while running.,He hurt himself while running.,he hurt himself while running,he hurt himself while running,0.0,0.0
P-024_Ref_140.wav,She taught herself to read.,She taught herself to read.,she taught herself to read,she taught herself to read,0.0,0.0
P-024_Ref_141.wav,He blamed himself for the mistake.,They prepared themselves for the exam.,he blamed himself for the mistake,they prepared themselves for the exam,66.67,54.55
P-024_Ref_146.wav,The children dressed themselves.,The children dressed themselves.,the children dressed themselves,the children dressed themselves,0.0,0.0
P-024_Ref_148.wav,They helped each other during the storm.,They helped each other during the storm.,they helped each other during the storm,they helped each other during the storm,0.0,0.0
P-024_Ref_152.wav,The students shared their books with each other.,The students shared their books with each other.,the students shared their books with each other,the students shared their books with each other,0.0,0.0
P-024_Simple_1.wav,I like mangoes.,I like mangoes.,i like mangoes,i like mangoes,0.0,0.0
P-024_Simple_12b.wav,He (not here) saw that they are playing with a stone.,He (not here) saw that they are playing with a stone.,he not here saw that they are playing with a stone,he not here saw that they are playing with a stone,0.0,0.0
P-024_Simple_13a.wav,She (right here) said that the woman is sleeping on the floor.,She (right here) said that the woman is sleeping on the floor.,she right here said that the woman is sleeping on the floor,she right here said that the woman is sleeping on the floor,0.0,0.0
P-024_Simple_14.wav,I want to go to the town tonight.,I want to go to the town tonight.,i want to go to the town tonight,i want to go to the town tonight,0.0,0.0
P-024_Simple_16.wav,He (right here) tried to feed the elephant.,He (right here) tried to feed the elephant.,he right here tried to feed the elephant,he right here tried to feed the elephant,0.0,0.0
P-024_Simple_19.wav,"If it rains a lot, the plants will grow better.","If it rains a lot, the plants will grow better.",if it rains a lot the plants will grow better,if it rains a lot the plants will grow better,0.0,0.0
P-024_Simple_22.wav,He (right here) came to help me.,He (right here) came to help me.,he right here came to help me,he right here came to help me,0.0,0.0
P-024_Simple_24.wav,We stayed inside because it was cold.,We stayed inside because it was cold.,we stayed inside because it was cold,we stayed inside because it was cold,0.0,0.0
P-024_Simple_5b.wav,Her (not here) name is Fatima.,Her (not here) name is Fatima.,her not here name is fatima,her not here name is fatima,0.0,0.0
P-024_TAM_71.wav,I could have taken the bus if I had money.,I could have taken the bus if I had money.,i could have taken the bus if i had money,i could have taken the bus if i had money,0.0,0.0
P-024_TAM_75.wav,You walk to school daily.,You walk to school daily.,you walk to school daily,you walk to school daily,0.0,0.0
P-024_TAM_86.wav,We used to walk together every evening.,We used to walk together every evening.,we used to walk together every evening,we used to walk together every evening,0.0,0.0
P-024_TAM_92.wav,Jemal is not walking tomorrow.,Jemal is not walking tomorrow.,jemal is not walking tomorrow,jemal is not walking tomorrow,0.0,0.0
P-024_Val_291.wav,The leaves fell.,The leaves fell.,the leaves fell,the leaves fell,0.0,0.0
P-024_Val_297.wav,He went.,He went.,he went,he went,0.0,0.0
P-024_Val_298.wav,She made him go.,She made him go.,she made him go,she made him go,0.0,0.0
P-024_Val_309.wav,The teacher spoke.,The teacher spoke.,the teacher spoke,the teacher spoke,0.0,0.0
P-028_Adp_406.wav,I am at home.,I am at home.,i am at home,i am at home,0.0,0.0
P-028_Adp_407.wav,She is in the room.,She is in the room.,she is in the room,she is in the room,0.0,0.0
P-028_Adp_412.wav,Put the bag on the table.,Put the bag on the table.,put the bag on the table,put the bag on the table,0.0,0.0
P-028_Adp_413.wav,Put the shoes near the door.,Put the shoes near the door.,put the shoes near the door,put the shoes near the door,0.0,0.0
P-028_Adp_420.wav,They went to the market.,They went to the market.,they went to the market,they went to the market,0.0,0.0
P-028_Adp_425.wav,I will go with my friend.,I will go with my friend.,i will go with my friend,i will go with my friend,0.0,0.0
P-028_Adp_426.wav,He cut the fruit with a knife.,He cut the fruit with a knife.,he cut the fruit with a knife,he cut the fruit with a knife,0.0,0.0
P-028_Adp_431.wav,We walked through the forest.,We walked through the forest.,we walked through the forest,we walked through the forest,0.0,0.0
P-028_Adp_433.wav,The store is across the road.,The store is across the road.,the store is across the road,the store is across the road,0.0,0.0
P-028_Case_43.wav,She gave bread to the child.,She gave bread to the child.,she gave bread to the child,she gave bread to the child,0.0,0.0
P-028_Case_53.wav,Leaves are falling down from the tree.,Leaves are falling down from the tree.,leaves are falling down from the tree,leaves are falling down from the tree,0.0,0.0
P-028_Case_56.wav,I shall go to the north tomorrow.,I shall go to the north tomorrow.,i shall go to the north tomorrow,i shall go to the north tomorrow,0.0,0.0
P-028_Case_58.wav,Ali went with Ahmed.,Ali went with Ahmed.,ali went with ahmed,ali went with ahmed,0.0,0.0
P-028_Case_60.wav,He came with his friend.,He came with his friend.,he came with his friend,he came with his friend,0.0,0.0
P-028_Case_61.wav,My friend’s sister was ill.,My friend’s sister was ill.,my friend’s sister was ill,my friend’s sister was ill,0.0,0.0
P-028_Case_64.wav,She cooked food for her brother.,She cooked food for her brother.,she cooked food for her brother,she cooked food for her brother,0.0,0.0
P-028_Cau_319.wav,I made the girl ask the maid to clean the room.,He was given food and water.,i made the girl ask the maid to clean the room,he was given food and water,100.0,71.74
P-028_Cau_322.wav,The dog made the baby cry.,The dog made the baby cry.,the dog made the baby cry,the dog made the baby cry,0.0,0.0
P-028_Cau_329.wav,She made him wash the dishes.,She made him wash the dishes.,she made him wash the dishes,she made him wash the dishes,0.0,0.0
P-028_Cau_332.wav,The teacher made the students write the answer.,The teacher made the students write the answer.,the teacher made the students write the answer,the teacher made the students write the answer,0.0,0.0
P-028_Cau_336.wav,The wind made the trees fall.,The wind made the trees fall.,the wind made the trees fall,the wind made the trees fall,0.0,0.0
P-028_Cau_337.wav,The doctor made me take medicine.,The doctor made me take medicine.,the doctor made me take medicine,the doctor made me take medicine,0.0,0.0
P-028_Cau_342.wav,The smell made me feel sick.,The smell made me feel sick.,the smell made me feel sick,the smell made me feel sick,0.0,0.0
P-028_Cls_184.wav,My family has a goat and a chicken.,My family has a goat and a chicken.,my family has a goat and a chicken,my family has a goat and a chicken,0.0,0.0
P-028_Cls_193.wav,I came by boat.,I came by boat.,i came by boat,i came by boat,0.0,0.0
P-028_Cls_196.wav,Do not beat the student with a stick.,The students were taught by their father.,do not beat the student with a stick,the students were taught by their father,100.0,77.78
P-028_Cls_199.wav,There are two books on the table.,There are two books on the table.,there are two books on the table,there are two books on the table,0.0,0.0
P-028_Cls_201.wav,Give me three long objects.,Give me three long objects.,give me three long objects,give me three long objects,0.0,0.0
P-028_Cls_210.wav,They carried ten bags of rice.,They carried ten bags of rice.,they carried ten bags of rice,they carried ten bags of rice,0.0,0.0
P-028_Cls_211.wav,The shop has many kinds of flowers.,The shop has many kinds of flowers.,the shop has many kinds of flowers,the shop has many kinds of flowers,0.0,0.0
P-028_ECV_156.wav,He died.,He died.,he died,he died,0.0,0.0
P-028_ECV_160.wav,He cleaned up the room.,He cleaned up the room.,he cleaned up the room,he cleaned up the room,0.0,0.0
P-028_ECV_162.wav,He blessed us.,He blessed us.,he blessed us,he blessed us,0.0,0.0
P-028_ECV_164.wav,Emaan kicked me and ran away.,Emaan kicked me and ran away.,emaan kicked me and ran away,emaan kicked me and ran away,0.0,0.0
P-028_ECV_174.wav,They shouted and clapped.,They shouted and clapped.,they shouted and clapped,they shouted and clapped,0.0,0.0
P-028_ECV_177.wav,She went to the market to buy vegetables.,She went to the market to buy vegetables.,she went to the market to buy vegetables,she went to the market to buy vegetables,0.0,0.0
P-028_ECV_179.wav,They sat together and talked for a long time.,They sat together and talked for a long time.,they sat together and talked for a long time,they sat together and talked for a long time,0.0,0.0
P-028_Imp_472.wav,Read this.,Read this.,read this,read this,0.0,0.0
P-028_Imp_473.wav,Write your name.,Write your name.,write your name,write your name,0.0,0.0
P-028_Imp_474.wav,Open the door.,Open the door.,open the door,open the door,0.0,0.0
P-028_Imp_476.wav,Bring water.,Bring water.,bring water,bring water,0.0,0.0
P-028_Imp_477.wav,Give me that book.,Give me that book.,give me that book,give me that book,0.0,0.0
P-028_Imp_483.wav,Do not speak loudly.,Do not speak loudly.,do not speak loudly,do not speak loudly,0.0,0.0
P-028_Imp_489.wav,Eat and sleep.,Sleep after eating.,eat and sleep,sleep after eating,100.0,107.69
P-028_Imp_495.wav,Let her sit here.,Let her sit here.,let her sit here,let her sit here,0.0,0.0
P-028_Imp_497.wav,Stop talking and listen.,Please wait a moment.,stop talking and listen,please wait a moment,100.0,78.26
P-028_Imp_500.wav,Bring me your notes tomorrow.,Write your name and address tomorrow.,bring me your notes tomorrow,write your name and address tomorrow,100.0,64.29
P-028_Int_227.wav,What did she say?,What did she say?,what did she say,what did she say,0.0,0.0
P-028_Int_228.wav,How many people are here?,How many people are here?,how many people are here,how many people are here,0.0,0.0
P-028_Int_237.wav,Are you feeling better now?,Are you feeling better now?,are you feeling better now,are you feeling better now,0.0,0.0
P-028_Int_243.wav,What do you want to buy?,What do you want to buy?,what do you want to buy,what do you want to buy,0.0,0.0
P-028_Int_353.wav,Do you trust him?,Do you trust him?,do you trust him,do you trust him,0.0,0.0
P-028_Int_366.wav,Whose child is this?,Whose child is this?,whose child is this,whose child is this,0.0,0.0
P-028_Int_367.wav,Do they have enough food?,Do they have enough food?,do they have enough food,do they have enough food,0.0,0.0
P-028_Neg_104.wav,He left without informing anyone.,He left without informing anyone.,he left without informing anyone,he left without informing anyone,0.0,0.0
P-028_Neg_108.wav,Do not enter.,Do not enter.,do not enter,do not enter,0.0,0.0
P-028_Neg_113.wav,I never drink juice.,I never drink juice.,i never drink juice,i never drink juice,0.0,0.0
P-028_Neg_116.wav,Nothing can be done about his illness.,Nothing can be done about his illness.,nothing can be done about his illness,nothing can be done about his illness,0.0,0.0
P-028_Neg_117.wav,Nobody saw me.,Nobody saw me.,nobody saw me,nobody saw me,0.0,0.0
P-028_Neg_120.wav,None of the children came.,None of the children came.,none of the children came,none of the children came,0.0,0.0
P-028_Neg_121.wav,Not everyone passed.,Not everyone passed.,not everyone passed,not everyone passed,0.0,0.0
P-028_Neg_122.wav,The bird is no longer on the tree.,The bird is no longer on the tree.,the bird is no longer on the tree,the bird is no longer on the tree,0.0,0.0
P-028_Neg_123.wav,If you don’t study you will fail.,If you don’t study you will fail.,if you don’t study you will fail,if you don’t study you will fail,0.0,0.0
P-028_Neg_97.wav,You may not go now.,You may not go now.,you may not go now,you may not go now,0.0,0.0
P-028_Pas_437.wav,The door was opened by the boy.,The door was opened by the boy.,the door was opened by the boy,the door was opened by the boy,0.0,0.0
P-028_Pas_438.wav,The food was cooked.,The food was cooked.,the food was cooked,the food was cooked,0.0,0.0
P-028_Pas_444.wav,The car was repaired yesterday.,The car was repaired yesterday.,the car was repaired yesterday,the car was repaired yesterday,0.0,0.0
P-028_Pas_446.wav,The glass was broken.,The glass was broken.,the glass was broken,the glass was broken,0.0,0.0
P-028_Pas_457.wav,The door will be painted tomorrow.,The door will be painted tomorrow.,the door will be painted tomorrow,the door will be painted tomorrow,0.0,0.0
P-028_Pas_458.wav,The plan was changed at the last minute.,The plan was changed at the last minute.,the plan was changed at the last minute,the plan was changed at the last minute,0.0,0.0
P-028_Pas_461.wav,The rules must be followed.,The rules must be followed.,the rules must be followed,the rules must be followed,0.0,0.0
P-028_Pos_377.wav,She has a new phone.,She has a new phone.,she has a new phone,she has a new phone,0.0,0.0
P-028_Pos_387.wav,I have an illness.,I have an illness.,i have an illness,i have an illness,0.0,0.0
P-028_Pos_389.wav,We have hope.,We have hope.,we have hope,we have hope,0.0,0.0
P-028_Pos_398.wav,The river has clear water.,The river has clear water.,the river has clear water,the river has clear water,0.0,0.0
P-028_Pos_405.wav,They have everything they need.,They have everything they need.,they have everything they need,they have everything they need,0.0,0.0
P-028_Pro_249.wav,We will go tomorrow.,We will go tomorrow.,we will go tomorrow,we will go tomorrow,0.0,0.0
P-028_Pro_258.wav,They washed themselves.,They washed themselves.,they washed themselves,they washed themselves,0.0,0.0
P-028_Pro_259.wav,She talked about herself.,She talked about herself.,she talked about herself,she talked about herself,0.0,0.0
P-028_Pro_263.wav,This belongs to her.,This belongs to her.,this belongs to her,this belongs to her,0.0,0.0
P-028_Pro_266.wav,These are my clothes.,These are my clothes.,these are my clothes,these are my clothes,0.0,0.0
P-028_Pro_271.wav,Leave it over there.,Leave it over there.,leave it over there,leave it over there,0.0,0.0
P-028_Pro_272.wav,They live near here.,They live near here.,they live near here,they live near here,0.0,0.0
P-028_Pro_280.wav,Here put it.,Here put it.,here put it,here put it,0.0,0.0
P-028_Ref_125.wav,We saw ourselves in the mirror.,We saw ourselves in the mirror.,we saw ourselves in the mirror,we saw ourselves in the mirror,0.0,0.0
P-028_Ref_131.wav,The door opened by itself.,The door opened by itself.,the door opened by itself,the door opened by itself,0.0,0.0
P-028_Ref_132.wav,Muhammad and Ahmad looked at each other.,Muhammad and Ahmad looked at each other.,muhammad and ahmad looked at each other,muhammad and ahmad looked at each other,0.0,0.0
P-028_Ref_147.wav,She protected herself from the cold.,She protected herself from the cold.,she protected herself from the cold,she protected herself from the cold,0.0,0.0
P-028_Simple_1.wav,I like mangoes.,I like mangoes.,i like mangoes,i like mangoes,0.0,0.0
P-028_Simple_14.wav,I want to go to the town tonight.,I want to go to the town tonight.,i want to go to the town tonight,i want to go to the town tonight,0.0,0.0
P-028_Simple_26.wav,I told him (not here) that she is my sister.,I told him (not here) that she is my sister.,i told him not here that she is my sister,i told him not here that she is my sister,0.0,0.0
P-028_Simple_29.wav,"Although it was late, they (not here) kept working.","Although it was late, they (not here) kept working.",although it was late they not here kept working,although it was late they not here kept working,0.0,0.0
P-028_Simple_30.wav,I will call you if I need help.,I will call you if I need help.,i will call you if i need help,i will call you if i need help,0.0,0.0
P-028_Simple_5a.wav,Her (right here) name is Fatima.,Her (right here) name is Fatima.,her right here name is fatima,her right here name is fatima,0.0,0.0
P-028_Simple_8a.wav,He (right here) met a new teacher at school.,He (right here) met a new teacher at school.,he right here met a new teacher at school,he right here met a new teacher at school,0.0,0.0
P-028_TAM_66.wav,I was walking.,I was walking.,i was walking,i was walking,0.0,0.0
P-028_TAM_70.wav,I will not walk to school.,I will not walk to school.,i will not walk to school,i will not walk to school,0.0,0.0
P-028_TAM_75.wav,You walk to school daily.,You walk to school daily.,you walk to school daily,you walk to school daily,0.0,0.0
P-028_TAM_76.wav,You walked to town yesterday.,You walked to town yesterday.,you walked to town yesterday,you walked to town yesterday,0.0,0.0
P-028_TAM_77.wav,She goes to the market daily.,She goes to the market daily.,she goes to the market daily,she goes to the market daily,0.0,0.0
P-028_TAM_79.wav,She will walk home after sunset.,She will walk home after sunset.,she will walk home after sunset,she will walk home after sunset,0.0,0.0
P-028_TAM_84.wav,We will be walking when you arrive.,We will be walking when you arrive.,we will be walking when you arrive,we will be walking when you arrive,0.0,0.0
P-028_Val_285.wav,The pot broke.,The pot broke.,the pot broke,the pot broke,0.0,0.0
P-028_Val_293.wav,The water boiled.,The water boiled.,the water boiled,the water boiled,0.0,0.0
P-028_Val_295.wav,The ice melted.,The ice melted.,the ice melted,the ice melted,0.0,0.0
P-028_Val_303.wav,The boy slept.,The boy slept.,the boy slept,the boy slept,0.0,0.0
P-028_Val_307.wav,He swam.,He swam.,he swam,he swam,0.0,0.0
P-028_Val_314.wav,She rolled the ball toward him.,She rolled the ball toward him.,she rolled the ball toward him,she rolled the ball toward him,0.0,0.0
P-029_Simple_1.wav,I like mangoes.,I like mangoes.,i like mangoes,i like mangoes,0.0,0.0
P-029_Simple_4.wav,I am Ali.,I am Ali.,i am ali,i am ali,0.0,0.0
P-029_Simple_6.wav,I have a headache.,I have a headache.,i have a headache,i have a headache,0.0,0.0
P-029_Simple_7a.wav,She (right here) saw a man.,She (right here) saw a man.,she right here saw a man,she right here saw a man,0.0,0.0
P-029_TAM_65.wav,I am walking to field now.,I am not talking about you.,i am walking to field now,i am not talking about you,66.67,60.0
P-029_TAM_66.wav,I was walking.,I was walking.,i was walking,i was walking,0.0,0.0
P-032_Adp_411.wav,We are behind the house.,We are behind the house.,we are behind the house,we are behind the house,0.0,0.0
P-032_Adp_420.wav,They went to the market.,They went to the market.,they went to the market,they went to the market,0.0,0.0
P-032_Adp_424.wav,She arrived from the city.,She arrived from the city.,she arrived from the city,she arrived from the city,0.0,0.0
P-032_Adp_425.wav,I will go with my friend.,I will go with my friend.,i will go with my friend,i will go with my friend,0.0,0.0
P-032_Adp_427.wav,She swept the floor with a broom.,She swept the floor with a broom.,she swept the floor with a broom,she swept the floor with a broom,0.0,0.0
P-032_Adp_429.wav,The school is far from here.,The school is far from here.,the school is far from here,the school is far from here,0.0,0.0
P-032_Adp_430.wav,She stood between the two boys.,She stood between the two boys.,she stood between the two boys,she stood between the two boys,0.0,0.0
P-032_Adp_433.wav,The store is across the road.,The store is across the road.,the store is across the road,the store is across the road,0.0,0.0
P-032_Adp_434.wav,The teacher stood in front of the class.,The teacher stood in front of the class.,the teacher stood in front of the class,the teacher stood in front of the class,0.0,0.0
P-032_Case_31.wav,He (not here) kicked the ball.,He (not here) kicked the ball.,he not here kicked the ball,he not here kicked the ball,0.0,0.0
P-032_Case_39.wav,Ahmed gave a flower to his wife.,Ahmed gave a flower to his wife.,ahmed gave a flower to his wife,ahmed gave a flower to his wife,0.0,0.0
P-032_Case_40.wav,Father bought a toy for his son.,Father bought a toy for his son.,father bought a toy for his son,father bought a toy for his son,0.0,0.0
P-032_Case_42.wav,Give ten rupees to each one of them.,Give ten rupees to each one of them.,give ten rupees to each one of them,give ten rupees to each one of them,0.0,0.0
P-032_Case_57.wav,Last year it had rained in October.,Last year it had rained in October.,last year it had rained in october,last year it had rained in october,0.0,0.0
P-032_Cau_316.wav,Mother made me go outside.,Mother made me go outside.,mother made me go outside,mother made me go outside,0.0,0.0
P-032_Cau_321.wav,Aqsa made him food.,Aqsa made him food.,aqsa made him food,aqsa made him food,0.0,0.0
P-032_Cau_322.wav,The dog made the baby cry.,The dog made the baby cry.,the dog made the baby cry,the dog made the baby cry,0.0,0.0
P-032_Cau_323.wav,The house was burnt by the thieves.,The house was burnt by the thieves.,the house was burnt by the thieves,the house was burnt by the thieves,0.0,0.0
P-032_Cau_327.wav,He made the child sit quietly.,He made the child sit quietly.,he made the child sit quietly,he made the child sit quietly,0.0,0.0
P-032_Cau_330.wav,The parents made the boy study.,The parents made the boy study.,the parents made the boy study,the parents made the boy study,0.0,0.0
P-032_Cau_331.wav,He made her open the door.,He made her open the door.,he made her open the door,he made her open the door,0.0,0.0
P-032_Cau_332.wav,The teacher made the students write the answer.,The teacher made the students write the answer.,the teacher made the students write the answer,the teacher made the students write the answer,0.0,0.0
P-032_Cau_334.wav,The cold weather made him sick.,The cold weather made him sick.,the cold weather made him sick,the cold weather made him sick,0.0,0.0
P-032_Cau_337.wav,The doctor made me take medicine.,The doctor made me take medicine.,the doctor made me take medicine,the doctor made me take medicine,0.0,0.0
P-032_Cau_343.wav,The joke made everyone laugh.,The joke made everyone laugh.,the joke made everyone laugh,the joke made everyone laugh,0.0,0.0
P-032_Cls_189.wav,We need an electric wire.,We need an electric wire.,we need an electric wire,we need an electric wire,0.0,0.0
P-032_Cls_190.wav,This log of wood is thick.,This log of wood is thick.,this log of wood is thick,this log of wood is thick,0.0,0.0
P-032_Cls_192.wav,Give me a small banana.,Give me a small banana.,give me a small banana,give me a small banana,0.0,0.0
P-032_Cls_197.wav,Tie them with a rope.,Tie them with a rope.,tie them with a rope,tie them with a rope,0.0,0.0
P-032_Cls_198.wav,Go and buy some ripe fruits.,Go and buy some ripe fruits.,go and buy some ripe fruits,go and buy some ripe fruits,0.0,0.0
P-032_Cls_203.wav,I have five cars.,I have five cars.,i have five cars,i have five cars,0.0,0.0
P-032_Cls_208.wav,We need five sheets of paper.,We need five sheets of paper.,we need five sheets of paper,we need five sheets of paper,0.0,0.0
P-032_ECV_156.wav,He died.,He died.,he died,he died,0.0,0.0
P-032_ECV_168.wav,Hassan went to swim.,Hassan went to swim.,hassan went to swim,hassan went to swim,0.0,0.0
P-032_ECV_169.wav,"He came, sat, ate and went away.","He came, sat, ate and went away.",he came sat ate and went away,he came sat ate and went away,0.0,0.0
P-032_ECV_175.wav,Wash your hands before eating.,Wash your hands before eating.,wash your hands before eating,wash your hands before eating,0.0,0.0
P-032_ECV_177.wav,She went to the market to buy vegetables.,She went to the market to buy vegetables.,she went to the market to buy vegetables,she went to the market to buy vegetables,0.0,0.0
P-032_ECV_180.wav,He looked at me and smiled.,He looked at me and smiled.,he looked at me and smiled,he looked at me and smiled,0.0,0.0
P-032_Imp_467.wav,Go there.,Go there.,go there,go there,0.0,0.0
P-032_Imp_469.wav,Stand up.,Stand up.,stand up,stand up,0.0,0.0
P-032_Imp_482.wav,Do not touch that.,Do not touch that.,do not touch that,do not touch that,0.0,0.0
P-032_Imp_488.wav,Come and help me.,Come and help me.,come and help me,come and help me,0.0,0.0
P-032_Imp_500.wav,Bring me your notes tomorrow.,Bring me your notes tomorrow.,bring me your notes tomorrow,bring me your notes tomorrow,0.0,0.0
P-032_Int_215.wav,Where are you going?,Where are you going?,where are you going,where are you going,0.0,0.0
P-032_Int_222.wav,Did you eat?,Did you eat?,did you eat,did you eat,0.0,0.0
P-032_Int_223.wav,Can you help me?,Can you help me?,can you help me,can you help me,0.0,0.0
P-032_Int_230.wav,Do you have money?,Do you have any money?,do you have money,do you have any money,25.0,23.53
P-032_Int_236.wav,Can she speak English?,Can she speak English?,can she speak english,can she speak english,0.0,0.0
P-032_Int_242.wav,Will you walk with me?,Will you walk with me?,will you walk with me,will you walk with me,0.0,0.0
P-032_Int_243.wav,What do you want to buy?,What do you want to buy?,what do you want to buy,what do you want to buy,0.0,0.0
P-032_Int_349.wav,Why are you crying?,Why are you crying?,why are you crying,why are you crying,0.0,0.0
P-032_Int_368.wav,Can she read this?,Can she read this?,can she read this,can she read this,0.0,0.0
P-032_Int_373.wav,Don’t they know the truth?,Don’t they know the truth?,don’t they know the truth,don’t they know the truth,0.0,0.0
P-032_Neg_105.wav,They are not here.,They are not here.,they are not here,they are not here,0.0,0.0
P-032_Neg_123.wav,If you don’t study you will fail.,If you don’t study you will fail.,if you don’t study you will fail,if you don’t study you will fail,0.0,0.0
P-032_Neg_95.wav,There is no water in the river.,There is no water in the river.,there is no water in the river,there is no water in the river,0.0,0.0
P-032_Pas_439.wav,The food was cooked by her.,The food was cooked by her.,the food was cooked by her,the food was cooked by her,0.0,0.0
P-032_Pas_449.wav,The room will be cleaned soon.,The room will be cleaned soon.,the room will be cleaned soon,the room will be cleaned soon,0.0,0.0
P-032_Pas_450.wav,The work will be finished by tomorrow.,The work will be finished by tomorrow.,the work will be finished by tomorrow,the work will be finished by tomorrow,0.0,0.0
P-032_Pas_461.wav,The rules must be followed.,The rules must be followed.,the rules must be followed,the rules must be followed,0.0,0.0
P-032_Pos_383.wav,My family has land near the river.,My family has land near the river.,my family has land near the river,my family has land near the river,0.0,0.0
P-032_Pos_384.wav,They have no money.,They have no money.,they have no money,they have no money,0.0,0.0
P-032_Pos_393.wav,The house has a small garden.,The house has a small garden.,the house has a small garden,the house has a small garden,0.0,0.0
P-032_Pos_398.wav,The river has clear water.,The river has clear water.,the river has clear water,the river has clear water,0.0,0.0
P-032_Pos_403.wav,The farmer has two cows.,The farmer has two cows.,the farmer has two cows,the farmer has two cows,0.0,0.0
P-032_Pro_245.wav,You are late.,You are late.,you are late,you are late,0.0,0.0
P-032_Pro_246.wav,She is sleeping.,She is sleeping.,she is sleeping,she is sleeping,0.0,0.0
P-032_Pro_248.wav,They are playing.,They are playing.,they are playing,they are playing,0.0,0.0
P-032_Pro_252.wav,They called you yesterday.,They called you yesterday.,they called you yesterday,they called you yesterday,0.0,0.0
P-032_Pro_262.wav,They came from him.,They came from him.,they came from him,they came from him,0.0,0.0
P-032_Pro_264.wav,This is my bag.,This is my bag.,this is my bag,this is my bag,0.0,0.0
P-032_Pro_271.wav,Leave it over there.,Leave it over there.,leave it over there,leave it over there,0.0,0.0
P-032_Pro_272.wav,They live near here.,They live near here.,they live near here,they live near here,0.0,0.0
P-032_Pro_275.wav,She will go tomorrow.,She will go tomorrow.,she will go tomorrow,she will go tomorrow,0.0,0.0
P-032_Pro_279.wav,Tomorrow we will go.,Tomorrow we will go.,tomorrow we will go,tomorrow we will go,0.0,0.0
P-032_Ref_138.wav,We introduced ourselves to the teacher.,We introduced ourselves to the teacher.,we introduced ourselves to the teacher,we introduced ourselves to the teacher,0.0,0.0
P-032_Ref_140.wav,She taught herself to read.,She taught herself to read.,she taught herself to read,she taught herself to read,0.0,0.0
P-032_Simple_16.wav,He (right here) tried to feed the elephant.,He (right here) tried to feed the elephant.,he right here tried to feed the elephant,he right here tried to feed the elephant,0.0,0.0
P-032_Simple_18.wav,I will go when my mother comes.,I will go when my mother comes.,i will go when my mother comes,i will go when my mother comes,0.0,0.0
P-032_Simple_26.wav,I told him (not here) that she is my sister.,I told him (not here) that she is my sister.,i told him not here that she is my sister,i told him not here that she is my sister,0.0,0.0
P-032_Simple_27.wav,She (right here) thinks that he (not here) will come tomorrow.,She (right here) thinks that he (not here) will come tomorrow.,she right here thinks that he not here will come tomorrow,she right here thinks that he not here will come tomorrow,0.0,0.0
P-032_Simple_8a.wav,He (right here) met a new teacher at school.,He (right here) met a new teacher at school.,he right here met a new teacher at school,he right here met a new teacher at school,0.0,0.0
P-032_TAM_65.wav,I am walking to field now.,I am walking to field now.,i am walking to field now,i am walking to field now,0.0,0.0
P-032_TAM_67.wav,I fell down when she pushed me.,I fell down when she pushed me.,i fell down when she pushed me,i fell down when she pushed me,0.0,0.0
P-032_TAM_68.wav,I walk to the field every day.,I walk to the field every day.,i walk to the field every day,i walk to the field every day,0.0,0.0
P-032_TAM_73.wav,We walk to school daily.,We walk to school daily.,we walk to school daily,we walk to school daily,0.0,0.0
P-032_TAM_83.wav,You should not walk at night.,You should not walk at night.,you should not walk at night,you should not walk at night,0.0,0.0
P-032_TAM_84.wav,We will be walking when you arrive.,We will be walking when you arrive.,we will be walking when you arrive,we will be walking when you arrive,0.0,0.0
P-032_TAM_88.wav,They had walked far before it started raining.,They had walked far before it started raining.,they had walked far before it started raining,they had walked far before it started raining,0.0,0.0
P-032_TAM_90.wav,"I want to walk, but I am tired.","I want to walk, but I am tired.",i want to walk but i am tired,i want to walk but i am tired,0.0,0.0
P-032_TAM_92.wav,Jemal is not walking tomorrow.,Jemal is not walking tomorrow.,jemal is not walking tomorrow,jemal is not walking tomorrow,0.0,0.0
P-032_Val_284.wav,The mother woke the child up.,The mother woke the child up.,the mother woke the child up,the mother woke the child up,0.0,0.0
P-032_Val_304.wav,The teacher made the boy sit and study.,The teacher made the boy sit and study.,the teacher made the boy sit and study,the teacher made the boy sit and study,0.0,0.0
P-033_Adp_409.wav,The dog is under the table.,The dog is under the table.,the dog is under the table,the dog is under the table,0.0,0.0
P-033_Adp_422.wav,He fell from the tree.,He fell from the tree.,he fell from the tree,he fell from the tree,0.0,0.0
P-033_Adp_433.wav,The store is across the road.,The shop is across the road.,the store is across the road,the shop is across the road,16.67,10.71
P-033_Case_32.wav,She (right here) hit the bear.,She (right here) hit the bear.,she right here hit the bear,she right here hit the bear,0.0,0.0
P-033_Case_44.wav,He cut the tree with an axe.,He cut the tree with an axe.,he cut the tree with an axe,he cut the tree with an axe,0.0,0.0
P-033_Case_52.wav,Fatima lives in Pakistan.,Fatima lives in Pakistan.,fatima lives in pakistan,fatima lives in pakistan,0.0,0.0
P-033_Case_61.wav,My friend’s sister was ill.,My friend’s sister was ill.,my friend’s sister was ill,my friend’s sister was ill,0.0,0.0
P-033_Cau_323.wav,The house was burnt by the thieves.,The house was burnt by the thieves.,the house was burnt by the thieves,the house was burnt by the thieves,0.0,0.0
P-033_Cau_329.wav,She made him wash the dishes.,She made him wash the dishes.,she made him wash the dishes,she made him wash the dishes,0.0,0.0
P-033_Cls_190.wav,This log of wood is thick.,This log of wood is thick.,this log of wood is thick,this log of wood is thick,0.0,0.0
P-033_Cls_191.wav,This is a door.,This is a door.,this is a door,this is a door,0.0,0.0
P-033_Cls_192.wav,Give me a small banana.,Give me a small banana.,give me a small banana,give me a small banana,0.0,0.0
P-033_Cls_195.wav,We built the house with stones.,We built the house with stones.,we built the house with stones,we built the house with stones,0.0,0.0
P-033_Cls_197.wav,Tie them with a rope.,Tie them with a rope.,tie them with a rope,tie them with a rope,0.0,0.0
P-033_Cls_198.wav,Go and buy some ripe fruits.,Go and buy some ripe fruits.,go and buy some ripe fruits,go and buy some ripe fruits,0.0,0.0
P-033_Cls_201.wav,Give me three long objects.,Give me three long objects.,give me three long objects,give me three long objects,0.0,0.0
P-033_Cls_204.wav,I need ten dresses.,I need ten dresses.,i need ten dresses,i need ten dresses,0.0,0.0
P-033_Cls_207.wav,He bought three pieces of cloth.,He bought three pieces of cloth.,he bought three pieces of cloth,he bought three pieces of cloth,0.0,0.0
P-033_Cls_212.wav,Give me one long stick.,Give me one long stick.,give me one long stick,give me one long stick,0.0,0.0
P-033_Cls_213.wav,He broke two glass bottles.,He broke two glass bottles.,he broke two glass bottles,he broke two glass bottles,0.0,0.0
P-033_ECV_160.wav,He cleaned up the room.,He cleaned up the room.,he cleaned up the room,he cleaned up the room,0.0,0.0
P-033_ECV_161.wav,She called me.,He called me.,she called me,he called me,33.33,7.69
P-033_ECV_165.wav,Sleep after eating.,Sleep after eating.,sleep after eating,sleep after eating,0.0,0.0
P-033_ECV_167.wav,I came here to see you.,I came here to see you.,i came here to see you,i came here to see you,0.0,0.0
P-033_ECV_172.wav,"He stood up, picked the bag, and left.","He stood up, picked the bag, and left.",he stood up picked the bag and left,he stood up picked the bag and left,0.0,0.0
P-033_ECV_177.wav,She went to the market to buy vegetables.,She went to the market to buy vegetables.,she went to the market to buy vegetables,she went to the market to buy vegetables,0.0,0.0
P-033_Imp_468.wav,Sit down.,Sit down.,sit down,sit down,0.0,0.0
P-033_Imp_480.wav,Speak slowly.,Speak slowly.,speak slowly,speak slowly,0.0,0.0
P-033_Imp_482.wav,Do not touch that.,Do not touch that.,do not touch that,do not touch that,0.0,0.0
P-033_Imp_484.wav,Do not run inside.,Do not run inside.,do not run inside,do not run inside,0.0,0.0
P-033_Imp_491.wav,Please wait a moment.,Please wait a moment.,please wait a moment,please wait a moment,0.0,0.0
P-033_Imp_495.wav,Let her sit here.,Let her sit here.,let her sit here,let her sit here,0.0,0.0
P-033_Int_235.wav,Where should we meet?,Where should we meet?,where should we meet,where should we meet,0.0,0.0
P-033_Int_348.wav,When will she arrive?,When will she arrive?,when will she arrive,when will she arrive,0.0,0.0
P-033_Int_352.wav,Will she stay here?,Will she stay here?,will she stay here,will she stay here,0.0,0.0
P-033_Int_362.wav,Where did she come from?,Where did she come from?,where did she come from,where did she come from,0.0,0.0
P-033_Int_370.wav,May I open the door?,May I open the door?,may i open the door,may i open the door,0.0,0.0
P-033_Neg_102.wav,I have not eaten.,I have not eaten.,i have not eaten,i have not eaten,0.0,0.0
P-033_Neg_103.wav,I had not eaten yet.,I had not eaten yet.,i had not eaten yet,i had not eaten yet,0.0,0.0
P-033_Neg_106.wav,I am not hungry.,I am not hungry.,i am not hungry,i am not hungry,0.0,0.0
P-033_Neg_107.wav,I do not know.,I do not know.,i do not know,i do not know,0.0,0.0
P-033_Neg_108.wav,Do not enter.,Do not enter.,do not enter,do not enter,0.0,0.0
P-033_Neg_111.wav,I think he will not come.,I don’t think he will come.,i think he will not come,i don’t think he will come,33.33,41.67
P-033_Neg_113.wav,I never drink juice.,I never drink juice.,i never drink juice,i never drink juice,0.0,0.0
P-033_Neg_114.wav,She did not eat anything yesterday.,She did not eat anything yesterday.,she did not eat anything yesterday,she did not eat anything yesterday,0.0,0.0
P-033_Neg_116.wav,Nothing can be done about his illness.,Nothing can be done about his illness.,nothing can be done about his illness,nothing can be done about his illness,0.0,0.0
P-033_Neg_94a.wav,He (right here) is not a teacher.,He (right here) is not a teacher.,he right here is not a teacher,he right here is not a teacher,0.0,0.0
P-033_Pas_437.wav,The door was opened by the boy.,The door was opened by the boy.,the door was opened by the boy,the door was opened by the boy,0.0,0.0
P-033_Pas_440.wav,The house was built last year.,The house was built last year.,the house was built last year,the house was built last year,0.0,0.0
P-033_Pas_443.wav,The letter was written by my brother.,The letter was written by my brother.,the letter was written by my brother,the letter was written by my brother,0.0,0.0
P-033_Pas_450.wav,The work will be finished by tomorrow.,The work will be finished by tomorrow.,the work will be finished by tomorrow,the work will be finished by tomorrow,0.0,0.0
P-033_Pas_458.wav,The plan was changed at the last minute.,The plan was changed at the last minute.,the plan was changed at the last minute,the plan was changed at the last minute,0.0,0.0
P-033_Pos_393.wav,The house has a small garden.,The house has a small garden.,the house has a small garden,the house has a small garden,0.0,0.0
P-033_Pos_398.wav,The river has clear water.,The river has clear water.,the river has clear water,the river has clear water,0.0,0.0
P-033_Pos_400.wav,The city has many parks.,The city has many parks.,the city has many parks,the city has many parks,0.0,0.0
P-033_Pos_404.wav,I have work to do today.,I have work to do today.,i have work to do today,i have work to do today,0.0,0.0
P-033_Pro_245.wav,You are late.,You are late.,you are late,you are late,0.0,0.0
P-033_Pro_258.wav,They washed themselves.,They washed themselves.,they washed themselves,they washed themselves,0.0,0.0
P-033_Ref_129.wav,Who praises himself?,Who praises himself?,who praises himself,who praises himself,0.0,0.0
P-033_Ref_135.wav,She spoke to herself quietly.,She spoke to herself quietly.,she spoke to herself quietly,she spoke to herself quietly,0.0,0.0
P-033_Ref_137.wav,They defended themselves in court.,They defended themselves in court.,they defended themselves in court,they defended themselves in court,0.0,0.0
P-033_Ref_138.wav,We introduced ourselves to the teacher.,We introduced ourselves to the teacher.,we introduced ourselves to the teacher,we introduced ourselves to the teacher,0.0,0.0
P-033_Ref_145.wav,We cooked dinner by ourselves.,We cooked dinner by ourselves.,we cooked dinner by ourselves,we cooked dinner by ourselves,0.0,0.0
P-033_Simple_24.wav,We stayed inside because it was cold.,We stayed inside because it was cold.,we stayed inside because it was cold,we stayed inside because it was cold,0.0,0.0
P-033_Simple_5a.wav,Her (right here) name is Fatima.,Her (right here) name is Fatima.,her right here name is fatima,her right here name is fatima,0.0,0.0
P-033_Simple_6.wav,I have a headache.,I have a headache.,i have a headache,i have a headache,0.0,0.0
P-033_TAM_66.wav,I was walking.,I was walking.,i was walking,i was walking,0.0,0.0
P-033_TAM_69.wav,I will go to Karachi on Sunday.,I will go to Karachi on Sunday.,i will go to karachi on sunday,i will go to karachi on sunday,0.0,0.0
P-033_TAM_72a.wav,We are walking to the market now.,We are walking to the market now.,we are walking to the market now,we are walking to the market now,0.0,0.0
P-033_TAM_72b.wav,We are headed to the market now.,We are headed to the market now.,we are headed to the market now,we are headed to the market now,0.0,0.0
P-033_TAM_75.wav,You walk to school daily.,You walk to school daily.,you walk to school daily,you walk to school daily,0.0,0.0
P-033_TAM_82.wav,I might walk there later.,I might walk there later.,i might walk there later,i might walk there later,0.0,0.0
P-033_TAM_85.wav,I was not walking when you called me.,I was not walking when you called me.,i was not walking when you called me,i was not walking when you called me,0.0,0.0
P-033_TAM_90.wav,"I want to walk, but I am tired.","I want to walk, but I am tired.",i want to walk but i am tired,i want to walk but i am tired,0.0,0.0
P-033_Val_285.wav,The pot broke.,The pot broke.,the pot broke,the pot broke,0.0,0.0
P-033_Val_287.wav,The food cooked.,The food cooked.,the food cooked,the food cooked,0.0,0.0
P-033_Val_294.wav,The girl danced.,The girl danced.,the girl danced,the girl danced,0.0,0.0
P-033_Val_303.wav,The boy slept.,The boy slept.,the boy slept,the boy slept,0.0,0.0
P-033_Val_304.wav,The teacher made the boy sit and study.,The teacher made the boy sit and study.,the teacher made the boy sit and study,the teacher made the boy sit and study,0.0,0.0
P-033_Val_307.wav,He swam.,He swam.,he swam,he swam,0.0,0.0
P-033_Val_311.wav,The window opened by itself.,The window opened by itself.,the window opened by itself,the window opened by itself,0.0,0.0
P-033_Val_312.wav,He opened the window with a stick.,He opened the window with a stick.,he opened the window with a stick,he opened the window with a stick,0.0,0.0
P-034_Adp_408.wav,They are on the roof.,They are on the roof.,they are on the roof,they are on the roof,0.0,0.0
P-034_Adp_415.wav,The key is inside the box.,The key is inside the box.,the key is inside the box,the key is inside the box,0.0,0.0
P-034_Adp_417.wav,They are sitting beside me.,I have a cold.,they are sitting beside me,i have a cold,100.0,80.77
P-034_Adp_420.wav,They went to the market.,They went to the market.,they went to the market,they went to the market,0.0,0.0
P-034_Adp_424.wav,She arrived from the city.,She arrived from the city.,she arrived from the city,she arrived from the city,0.0,0.0
P-034_Adp_426.wav,He cut the fruit with a knife.,He cut the fruit with a knife.,he cut the fruit with a knife,he cut the fruit with a knife,0.0,0.0
P-034_Adp_431.wav,We walked through the forest.,We walked through the forest.,we walked through the forest,we walked through the forest,0.0,0.0
P-034_Case_33.wav,The boy broke the pot.,The boy broke the pot.,the boy broke the pot,the boy broke the pot,0.0,0.0
P-034_Case_47.wav,We are at home.,We are at home.,we are at home,we are at home,0.0,0.0
P-034_Case_54.wav,He will go to Hunza tomorrow.,He will go to Hunza tomorrow.,he will go to hunza tomorrow,he will go to hunza tomorrow,0.0,0.0
P-034_Case_59.wav,I will play with my brother.,I will play with my brother.,i will play with my brother,i will play with my brother,0.0,0.0
P-034_Cau_320.wav,I made him break the glass.,I made him break the glass.,i made him break the glass,i made him break the glass,0.0,0.0
P-034_Cau_323.wav,The house was burnt by the thieves.,They burned the house.,the house was burnt by the thieves,they burned the house,85.71,55.88
P-034_Cau_326.wav,I am unable to walk.,I am unable to walk.,i am unable to walk,i am unable to walk,0.0,0.0
P-034_Cau_331.wav,He made her open the door.,He made her open the door.,he made her open the door,he made her open the door,0.0,0.0
P-034_Cau_333.wav,The rain made the road muddy.,The rain made the road muddy.,the rain made the road muddy,the rain made the road muddy,0.0,0.0
P-034_Cau_336.wav,The wind made the trees fall.,The wind made the trees fall.,the wind made the trees fall,the wind made the trees fall,0.0,0.0
P-034_Cls_185.wav,People have gathered here.,People have gathered here.,people have gathered here,people have gathered here,0.0,0.0
P-034_Cls_188.wav,This is a wooden door.,This is a wooden door.,this is a wooden door,this is a wooden door,0.0,0.0
P-034_Cls_189.wav,We need an electric wire.,We need an electric wire.,we need an electric wire,we need an electric wire,0.0,0.0
P-034_Cls_190.wav,This log of wood is thick.,This log of wood is thick.,this log of wood is thick,this log of wood is thick,0.0,0.0
P-034_Cls_203.wav,I have five cars.,I have five cars.,i have five cars,i have five cars,0.0,0.0
P-034_Cls_206.wav,Bring two cups of water.,Bring two cups of water.,bring two cups of water,bring two cups of water,0.0,0.0
P-034_Cls_207.wav,He bought three pieces of cloth.,He bought a dress for herself.,he bought three pieces of cloth,he bought a dress for herself,66.67,58.06
P-034_ECV_154.wav,She has gone outside the house.,She has gone outside the house.,she has gone outside the house,she has gone outside the house,0.0,0.0
P-034_ECV_161.wav,She called me.,She called me.,she called me,she called me,0.0,0.0
P-034_ECV_169.wav,"He came, sat, ate and went away.","He came, sat, ate and went away.",he came sat ate and went away,he came sat ate and went away,0.0,0.0
P-034_ECV_174.wav,They shouted and clapped.,They shouted and clapped.,they shouted and clapped,they shouted and clapped,0.0,0.0
P-034_Imp_472.wav,Read this.,Read this.,read this,read this,0.0,0.0
P-034_Imp_473.wav,Write your name.,Write your name.,write your name,write your name,0.0,0.0
P-034_Imp_477.wav,Give me that book.,Give me that book.,give me that book,give me that book,0.0,0.0
P-034_Imp_479.wav,Wait here.,Wait outside.,wait here,wait outside,50.0,66.67
P-034_Imp_480.wav,Speak slowly.,The weather was bad.,speak slowly,the weather was bad,200.0,133.33
P-034_Imp_482.wav,Do not touch that.,Do not touch that.,do not touch that,do not touch that,0.0,0.0
P-034_Imp_483.wav,Do not speak loudly.,Do not speak loudly.,do not speak loudly,do not speak loudly,0.0,0.0
P-034_Imp_493.wav,Let them come inside.,Let them come inside.,let them come inside,let them come inside,0.0,0.0
P-034_Imp_495.wav,Let her sit here.,Let her sit here.,let her sit here,let her sit here,0.0,0.0
P-034_Imp_496.wav,Bring the children inside.,Bring the children inside.,bring the children inside,bring the children inside,0.0,0.0
P-034_Int_217.wav,Why are you late?,Why are you late?,why are you late,why are you late,0.0,0.0
P-034_Int_223.wav,Can you help me?,You must help others.,can you help me,you must help others,75.0,80.0
P-034_Int_239.wav,Why are they shouting?,Why are they shouting?,why are they shouting,why are they shouting,0.0,0.0
P-034_Int_240.wav,When did you see him?,When did you see him?,when did you see him,when did you see him,0.0,0.0
P-034_Int_346.wav,Where did they go?,Where did they go?,where did they go,where did they go,0.0,0.0
P-034_Int_356.wav,What did he break?,What did he break?,what did he break,what did he break,0.0,0.0
P-034_Int_363.wav,Who are you going with?,Who are you going with?,who are you going with,who are you going with,0.0,0.0
P-034_Int_365.wav,Do you have a headache?,Do you have a headache?,do you have a headache,do you have a headache,0.0,0.0
P-034_Neg_107.wav,I do not know.,I do not know.,i do not know,i do not know,0.0,0.0
P-034_Neg_114.wav,She did not eat anything yesterday.,She did not eat anything yesterday.,she did not eat anything yesterday,she did not eat anything yesterday,0.0,0.0
P-034_Neg_94b.wav,He (not here) is not a teacher.,He (not here) is not a teacher.,he not here is not a teacher,he not here is not a teacher,0.0,0.0
P-034_Neg_96.wav,He cannot sing.,He cannot sing.,he cannot sing,he cannot sing,0.0,0.0
P-034_Pas_444.wav,The car was repaired yesterday.,The car was repaired yesterday.,the car was repaired yesterday,the car was repaired yesterday,0.0,0.0
P-034_Pas_451.wav,The tree was cut down by the men.,The tree was cut down by the men.,the tree was cut down by the men,the tree was cut down by the men,0.0,0.0
P-034_Pas_454.wav,The children were fed.,The children were fed.,the children were fed,the children were fed,0.0,0.0
P-034_Pas_457.wav,The door will be painted tomorrow.,He will go to the village tomorrow.,the door will be painted tomorrow,he will go to the village tomorrow,100.0,57.58
P-034_Pas_464.wav,The bridge was destroyed by the flood.,The bus broke down.,the bridge was destroyed by the flood,the bus broke down,85.71,67.57
P-034_Pos_376.wav,I have a book.,I have a book.,i have a book,i have a book,0.0,0.0
P-034_Pos_380.wav,We have three goats.,We have three goats.,we have three goats,we have three goats,0.0,0.0
P-034_Pos_383.wav,My family has land near the river.,My family has land near the river.,my family has land near the river,my family has land near the river,0.0,0.0
P-034_Pos_391.wav,She has good ideas.,She has good ideas.,she has good ideas,she has good ideas,0.0,0.0
P-034_Pos_396.wav,Our village has a small clinic.,Our village has a clinic for doctors.,our village has a small clinic,our village has a clinic for doctors,50.0,53.33
P-034_Pos_398.wav,The river has clear water.,The river has clear water.,the river has clear water,the river has clear water,0.0,0.0
P-034_Pos_403.wav,The farmer has two cows.,The farmer has two cows.,the farmer has two cows,the farmer has two cows,0.0,0.0
P-034_Pro_250.wav,I saw them.,I saw them.,i saw them,i saw them,0.0,0.0
P-034_Pro_254.wav,This is my house.,This is my house.,this is my house,this is my house,0.0,0.0
P-034_Pro_256.wav,Their car is new.,Their car is new.,their car is new,their car is new,0.0,0.0
P-034_Pro_259.wav,She talked about herself.,She talked about herself.,she talked about herself,she talked about herself,0.0,0.0
P-034_Pro_260.wav,He brought food for them.,He brought food for them.,he brought food for them,he brought food for them,0.0,0.0
P-034_Pro_266.wav,These are my clothes.,These are my clothes.,these are my clothes,these are my clothes,0.0,0.0
P-034_Pro_274.wav,He came yesterday.,He came yesterday.,he came yesterday,he came yesterday,0.0,0.0
P-034_Pro_279.wav,Tomorrow we will go.,Tomorrow we will go.,tomorrow we will go,tomorrow we will go,0.0,0.0
P-034_Ref_124.wav,I like myself.,I like myself.,i like myself,i like myself,0.0,0.0
P-034_Ref_129.wav,Who praises himself?,Who praises himself?,who praises himself,who praises himself,0.0,0.0
P-034_Ref_130.wav,They told me about themselves.,They told me about themselves.,they told me about themselves,they told me about themselves,0.0,0.0
P-034_Ref_137.wav,They defended themselves in court.,They defended themselves in court.,they defended themselves in court,they defended themselves in court,0.0,0.0
P-034_Ref_139.wav,The cat cleaned itself.,The cat cleaned itself.,the cat cleaned itself,the cat cleaned itself,0.0,0.0
P-034_Ref_141.wav,He blamed himself for the mistake.,He blamed himself for the mistake.,he blamed himself for the mistake,he blamed himself for the mistake,0.0,0.0
P-034_Ref_143.wav,The machine stopped by itself.,The machine stopped by itself.,the machine stopped by itself,the machine stopped by itself,0.0,0.0
P-034_Ref_149.wav,We listened to each other carefully.,We listened to each other carefully.,we listened to each other carefully,we listened to each other carefully,0.0,0.0
P-034_Ref_150.wav,The two teams competed against each other.,The two teams competed against each other.,the two teams competed against each other,the two teams competed against each other,0.0,0.0
P-034_Ref_151.wav,The birds called to each other.,The birds called to each other.,the birds called to each other,the birds called to each other,0.0,0.0
P-034_Simple_1.wav,I like mangoes.,I like mangoes.,i like mangoes,i like mangoes,0.0,0.0
P-034_Simple_13b.wav,She (not here) said that the woman is sleeping on the floor.,She (not here) said that the woman is sleeping on the floor.,she not here said that the woman is sleeping on the floor,she not here said that the woman is sleeping on the floor,0.0,0.0
P-034_Simple_20.wav,I will play with my brother.,I will play with my brother.,i will play with my brother,i will play with my brother,0.0,0.0
P-034_Simple_23a.wav,They (right here) are eating because they are hungry.,They (right here) are eating because they are hungry.,they right here are eating because they are hungry,they right here are eating because they are hungry,0.0,0.0
P-034_Simple_25.wav,He (right here) will study after he reaches home.,He (right here) will study after he reaches home.,he right here will study after he reaches home,he right here will study after he reaches home,0.0,0.0
P-034_Simple_26.wav,I told him (not here) that she is my sister.,I will not see her anymore.,i told him not here that she is my sister,i will not see her anymore,80.0,63.41
P-034_Simple_27.wav,She (right here) thinks that he (not here) will come tomorrow.,She (right here) thinks that he (not here) will come tomorrow.,she right here thinks that he not here will come tomorrow,she right here thinks that he not here will come tomorrow,0.0,0.0
P-034_Simple_30.wav,I will call you if I need help.,I will call you if I need help.,i will call you if i need help,i will call you if i need help,0.0,0.0
P-034_Simple_6.wav,I have a headache.,I have a headache.,i have a headache,i have a headache,0.0,0.0
P-034_TAM_65.wav,I am walking to field now.,I am walking to field now.,i am walking to field now,i am walking to field now,0.0,0.0
P-034_TAM_68.wav,I walk to the field every day.,I walk to the field every day.,i walk to the field every day,i walk to the field every day,0.0,0.0
P-034_TAM_72b.wav,We are headed to the market now.,We are headed to the market now.,we are headed to the market now,we are headed to the market now,0.0,0.0
P-034_TAM_76.wav,You walked to town yesterday.,You walked to town yesterday.,you walked to town yesterday,you walked to town yesterday,0.0,0.0
P-034_TAM_82.wav,I might walk there later.,I might walk there later.,i might walk there later,i might walk there later,0.0,0.0
P-034_TAM_85.wav,I was not walking when you called me.,I was not walking when you called me.,i was not walking when you called me,i was not walking when you called me,0.0,0.0
P-034_TAM_90.wav,"I want to walk, but I am tired.","I want to walk, but I am tired.",i want to walk but i am tired,i want to walk but i am tired,0.0,0.0
P-034_Val_281.wav,The door opened.,He smiled.,the door opened,he smiled,100.0,66.67
P-034_Val_284.wav,The mother woke the child up.,The mother woke the child up.,the mother woke the child up,the mother woke the child up,0.0,0.0
P-034_Val_286.wav,He broke the pot.,He broke the pot.,he broke the pot,he broke the pot,0.0,0.0
P-034_Val_288.wav,She cooked the food.,She cooked the food.,she cooked the food,she cooked the food,0.0,0.0
P-034_Val_291.wav,The leaves fell.,The leaves fell.,the leaves fell,the leaves fell,0.0,0.0
P-034_Val_293.wav,The water boiled.,The water boiled.,the water boiled,the water boiled,0.0,0.0
P-034_Val_301.wav,The fire burned.,The fire burned.,the fire burned,the fire burned,0.0,0.0
P-034_Val_302.wav,They burned the firewood.,They burned the firewood.,they burned the firewood,they burned the firewood,0.0,0.0
P-034_Val_303.wav,The boy slept.,The boy slept.,the boy slept,the boy slept,0.0,0.0
P-034_Val_313.wav,The ball rolled.,The ball rolled.,the ball rolled,the ball rolled,0.0,0.0
P-038_Simple_7b.wav,She (not here) saw a man.,She (not here) saw a man.,she not here saw a man,she not here saw a man,0.0,0.0
P-047_Simple_2.wav,The monkey is on the tree.,The monkey is on the tree.,the monkey is on the tree,the monkey is on the tree,0.0,0.0
P-047_Simple_3.wav,That house is big.,That house is big.,that house is big,that house is big,0.0,0.0
P-051_Adp_407.wav,She is in the room.,She is in the room.,she is in the room,she is in the room,0.0,0.0
P-051_Adp_408.wav,They are on the roof.,They are on the roof.,they are on the roof,they are on the roof,0.0,0.0
P-051_Adp_416.wav,He is standing outside the gate.,He is standing outside the gate.,he is standing outside the gate,he is standing outside the gate,0.0,0.0
P-051_Adp_418.wav,She walked to the river.,She walked to the river.,she walked to the river,she walked to the river,0.0,0.0
P-051_Adp_422.wav,He fell from the tree.,He fell from the tree.,he fell from the tree,he fell from the tree,0.0,0.0
P-051_Adp_423.wav,The water flows from the pipe.,The water flows from the pipe.,the water flows from the pipe,the water flows from the pipe,0.0,0.0
P-051_Adp_424.wav,She arrived from the city.,She arrived from the city.,she arrived from the city,she arrived from the city,0.0,0.0
P-051_Adp_430.wav,She stood between the two boys.,He came with two boys.,she stood between the two boys,he came with two boys,66.67,46.67
P-051_Case_34.wav,She loves me.,She loves me.,she loves me,she loves me,0.0,0.0
P-051_Case_40.wav,Father bought a toy for his son.,Father bought a toy for his son.,father bought a toy for his son,father bought a toy for his son,0.0,0.0
P-051_Case_41.wav,He is working only for his family.,He is working only for his family.,he is working only for his family,he is working only for his family,0.0,0.0
P-051_Case_44.wav,He cut the tree with an axe.,He cut the tree with an axe.,he cut the tree with an axe,he cut the tree with an axe,0.0,0.0
P-051_Case_48.wav,He wrote the letter with a pen.,He wrote the letter with a pen.,he wrote the letter with a pen,he wrote the letter with a pen,0.0,0.0
P-051_Case_49.wav,She broke the nut with a stone.,She broke the nut with a stone.,she broke the nut with a stone,she broke the nut with a stone,0.0,0.0
P-051_Case_54.wav,He will go to Hunza tomorrow.,He will go to Hunza tomorrow.,he will go to hunza tomorrow,he will go to hunza tomorrow,0.0,0.0
P-051_Case_57.wav,Last year it had rained in October.,Last year it had rained in October.,last year it had rained in october,last year it had rained in october,0.0,0.0
P-051_Case_58.wav,Ali went with Ahmed.,Ali went with Ahmed.,ali went with ahmed,ali went with ahmed,0.0,0.0
P-051_Cau_316.wav,Mother made me go outside.,Mother made me go outside.,mother made me go outside,mother made me go outside,0.0,0.0
P-051_Cau_320.wav,I made him break the glass.,I made him break the glass.,i made him break the glass,i made him break the glass,0.0,0.0
P-051_Cau_321.wav,Aqsa made him food.,Aqsa made him food.,aqsa made him food,aqsa made him food,0.0,0.0
P-051_Cau_330.wav,The parents made the boy study.,The parents made the boy study.,the parents made the boy study,the parents made the boy study,0.0,0.0
P-051_Cau_335.wav,The loud noise made the birds fly away.,The loud noise made the birds fly away.,the loud noise made the birds fly away,the loud noise made the birds fly away,0.0,0.0
P-051_Cau_337.wav,The doctor made me take medicine.,The doctor made me take medicine.,the doctor made me take medicine,the doctor made me take medicine,0.0,0.0
P-051_Cau_338.wav,She made them tell the truth.,She made them tell the truth.,she made them tell the truth,she made them tell the truth,0.0,0.0
P-051_Cls_191.wav,This is a door.,This is a door.,this is a door,this is a door,0.0,0.0
P-051_Cls_196.wav,Do not beat the student with a stick.,Do not beat the student with a stick.,do not beat the student with a stick,do not beat the student with a stick,0.0,0.0
P-051_Cls_202.wav,Give me one apple.,Give me one apple.,give me one apple,give me one apple,0.0,0.0
P-051_ECV_154.wav,She has gone outside the house.,She has gone outside the house.,she has gone outside the house,she has gone outside the house,0.0,0.0
P-051_ECV_157.wav,She broke the engagement.,She broke the engagement.,she broke the engagement,she broke the engagement,0.0,0.0
P-051_ECV_164.wav,Emaan kicked me and ran away.,Emaan kicked me and ran away.,emaan kicked me and ran away,emaan kicked me and ran away,0.0,0.0
P-051_ECV_167.wav,I came here to see you.,I came here to see you.,i came here to see you,i came here to see you,0.0,0.0
P-051_ECV_174.wav,They shouted and clapped.,They shouted and clapped.,they shouted and clapped,they shouted and clapped,0.0,0.0
P-051_ECV_179.wav,They sat together and talked for a long time.,They sat together and talked for a long time.,they sat together and talked for a long time,they sat together and talked for a long time,0.0,0.0
P-051_ECV_182.wav,I will go there and ask him.,I will go there and ask him.,i will go there and ask him,i will go there and ask him,0.0,0.0
P-051_Imp_473.wav,Write your name.,Write your name here.,write your name,write your name here,33.33,33.33
P-051_Imp_495.wav,Let her sit here.,Let her sit here.,let her sit here,let her sit here,0.0,0.0
P-051_Int_222.wav,Did you eat?,Did you eat?,did you eat,did you eat,0.0,0.0
P-051_Int_238.wav,Who will help us tomorrow?,Who will help us tomorrow?,who will help us tomorrow,who will help us tomorrow,0.0,0.0
P-051_Int_240.wav,When did you see him?,When did you see him?,when did you see him,when did you see him,0.0,0.0
P-051_Int_349.wav,Why are you crying?,Why are you crying?,why are you crying,why are you crying,0.0,0.0
P-051_Int_356.wav,What did he break?,What did he break?,what did he break,what did he break,0.0,0.0
P-051_Int_365.wav,Do you have a headache?,Do you have a headache?,do you have a headache,do you have a headache,0.0,0.0
P-051_Int_368.wav,Can she read this?,Can she walk by herself?,can she read this,can she walk by herself,75.0,70.59
P-051_Int_372.wav,Did he not see them?,Did he not see them?,did he not see them,did he not see them,0.0,0.0
P-051_Neg_105.wav,They are not here.,They are not here.,they are not here,they are not here,0.0,0.0
P-051_Neg_116.wav,Nothing can be done about his illness.,Nothing can be done about his illness.,nothing can be done about his illness,nothing can be done about his illness,0.0,0.0
P-051_Neg_94c.wav,She (right here) is not a teacher.,She (right here) is not a teacher.,she right here is not a teacher,she right here is not a teacher,0.0,0.0
P-051_Neg_99.wav,You must not move now.,You must not move now.,you must not move now,you must not move now,0.0,0.0
P-051_Pas_436.wav,The door was opened.,The door was opened.,the door was opened,the door was opened,0.0,0.0
P-051_Pas_437.wav,The door was opened by the boy.,The door was opened by the boy.,the door was opened by the boy,the door was opened by the boy,0.0,0.0
P-051_Pas_438.wav,The food was cooked.,The food was cooked.,the food was cooked,the food was cooked,0.0,0.0
P-051_Pas_439.wav,The food was cooked by her.,The food was cooked by her.,the food was cooked by her,the food was cooked by her,0.0,0.0
P-051_Pas_440.wav,The house was built last year.,The house was built last year.,the house was built last year,the house was built last year,0.0,0.0
P-051_Pas_443.wav,The letter was written by my brother.,The house was built last year.,the letter was written by my brother,the house was built last year,71.43,58.33
P-051_Pas_446.wav,The glass was broken.,The glass was broken.,the glass was broken,the glass was broken,0.0,0.0
P-051_Pas_449.wav,The room will be cleaned soon.,The room will be cleaned soon.,the room will be cleaned soon,the room will be cleaned soon,0.0,0.0
P-051_Pas_451.wav,The tree was cut down by the men.,The tree was cut down by the men.,the tree was cut down by the men,the tree was cut down by the men,0.0,0.0
P-051_Pas_453.wav,Many people were helped.,Many people were helped.,many people were helped,many people were helped,0.0,0.0
P-051_Pas_454.wav,The children were fed.,The children were fed.,the children were fed,the children were fed,0.0,0.0
P-051_Pas_455.wav,The baby was carried.,The baby was carried.,the baby was carried,the baby was carried,0.0,0.0
P-051_Pas_456.wav,The books were taken from the shelf.,The books were taken from the shelf.,the books were taken from the shelf,the books were taken from the shelf,0.0,0.0
P-051_Pos_383.wav,My family has land near the river.,My family has land near the river.,my family has land near the river,my family has land near the river,0.0,0.0
P-051_Pos_385.wav,I have some time today.,I have some time today.,i have some time today,i have some time today,0.0,0.0
P-051_Pos_388.wav,He has fever.,He has fever.,he has fever,he has fever,0.0,0.0
P-051_Pos_389.wav,We have hope.,We have hope.,we have hope,we have hope,0.0,0.0
P-051_Pos_391.wav,She has good ideas.,She has good ideas.,she has good ideas,she has good ideas,0.0,0.0
P-051_Pos_395.wav,The tree has long branches.,The tree has long branches.,the tree has long branches,the tree has long branches,0.0,0.0
P-051_Pos_396.wav,Our village has a small clinic.,Our village has a small clinic.,our village has a small clinic,our village has a small clinic,0.0,0.0
P-051_Pos_400.wav,The city has many parks.,The city has many parks.,the city has many parks,the city has many parks,0.0,0.0
P-051_Pro_249.wav,We will go tomorrow.,We will go tomorrow.,we will go tomorrow,we will go tomorrow,0.0,0.0
P-051_Pro_267.wav,Those are his shoes.,Those are his shoes.,those are his shoes,those are his shoes,0.0,0.0
P-051_Pro_274.wav,He came yesterday.,He came yesterday.,he came yesterday,he came yesterday,0.0,0.0
P-051_Pro_277.wav,We will meet later.,We will meet later.,we will meet later,we will meet later,0.0,0.0
P-051_Ref_133.wav,We met each other.,We met each other.,we met each other,we met each other,0.0,0.0
P-051_Ref_137.wav,They defended themselves in court.,They defended themselves in court.,they defended themselves in court,they defended themselves in court,0.0,0.0
P-051_Ref_145.wav,We cooked dinner by ourselves.,We cooked dinner by ourselves.,we cooked dinner by ourselves,we cooked dinner by ourselves,0.0,0.0
P-051_Ref_146.wav,The children dressed themselves.,The children dressed themselves.,the children dressed themselves,the children dressed themselves,0.0,0.0
P-051_Ref_153.wav,They hugged each other and cried.,They hugged each other and cried.,they hugged each other and cried,they hugged each other and cried,0.0,0.0
P-051_Simple_10.wav,Today is Monday.,Today is Monday.,today is monday,today is monday,0.0,0.0
P-051_Simple_12a.wav,He (right here) saw that they are playing with a stone.,He (right here) saw that they are playing with a stone.,he right here saw that they are playing with a stone,he right here saw that they are playing with a stone,0.0,0.0
P-051_Simple_13b.wav,She (not here) said that the woman is sleeping on the floor.,She (not here) said that the woman is sleeping on the floor.,she not here said that the woman is sleeping on the floor,she not here said that the woman is sleeping on the floor,0.0,0.0
P-051_Simple_17.wav,It was raining so I could not go to the field.,It was raining so I could not go to the field.,it was raining so i could not go to the field,it was raining so i could not go to the field,0.0,0.0
P-051_Simple_19.wav,"If it rains a lot, the plants will grow better.","If it rains a lot, the plants will grow better.",if it rains a lot the plants will grow better,if it rains a lot the plants will grow better,0.0,0.0
P-051_Simple_21b.wav,She (not here) wanted to sleep early.,She (not here) wanted to sleep early.,she not here wanted to sleep early,she not here wanted to sleep early,0.0,0.0
P-051_Simple_22.wav,He (right here) came to help me.,He (right here) came to help me.,he right here came to help me,he right here came to help me,0.0,0.0
P-051_Simple_23a.wav,They (right here) are eating because they are hungry.,They (right here) are eating because they are hungry.,they right here are eating because they are hungry,they right here are eating because they are hungry,0.0,0.0
P-051_Simple_24.wav,We stayed inside because it was cold.,We stayed inside because it was cold.,we stayed inside because it was cold,we stayed inside because it was cold,0.0,0.0
P-051_Simple_25.wav,He (right here) will study after he reaches home.,He (right here) will study after he reaches home.,he right here will study after he reaches home,he right here will study after he reaches home,0.0,0.0
P-051_Simple_8b.wav,He (not here) met a new teacher at school.,He (not here) met a new teacher at school.,he not here met a new teacher at school,he not here met a new teacher at school,0.0,0.0
P-051_TAM_65.wav,I am walking to field now.,I am walking to field now.,i am walking to field now,i am walking to field now,0.0,0.0
P-051_TAM_66.wav,I was walking.,I was walking.,i was walking,i was walking,0.0,0.0
P-051_TAM_67.wav,I fell down when she pushed me.,I fell down when she pushed me.,i fell down when she pushed me,i fell down when she pushed me,0.0,0.0
P-051_TAM_68.wav,I walk to the field every day.,I walk to the field every day.,i walk to the field every day,i walk to the field every day,0.0,0.0
P-051_TAM_69.wav,I will go to Karachi on Sunday.,I will go to Karachi on Sunday.,i will go to karachi on sunday,i will go to karachi on sunday,0.0,0.0
P-051_TAM_73.wav,We walk to school daily.,We walk to school daily.,we walk to school daily,we walk to school daily,0.0,0.0
P-051_TAM_74.wav,We could walk anywhere.,We could walk anywhere.,we could walk anywhere,we could walk anywhere,0.0,0.0
P-051_TAM_88.wav,They had walked far before it started raining.,They had walked far before it started raining.,they had walked far before it started raining,they had walked far before it started raining,0.0,0.0
P-051_Val_281.wav,The door opened.,The door opened.,the door opened,the door opened,0.0,0.0
P-051_Val_285.wav,The pot broke.,The pot broke.,the pot broke,the pot broke,0.0,0.0
P-051_Val_288.wav,She cooked the food.,She cooked the food.,she cooked the food,she cooked the food,0.0,0.0
P-051_Val_297.wav,He went.,He went.,he went,he went,0.0,0.0
P-051_Val_298.wav,She made him go.,She made him go.,she made him go,she made him go,0.0,0.0
P-051_Val_307.wav,He swam.,He swam.,he swam,he swam,0.0,0.0
P-051_Val_309.wav,The teacher spoke.,The teacher spoke.,the teacher spoke,the teacher spoke,0.0,0.0
P-051_Val_312.wav,He opened the window with a stick.,He opened the window with a stick.,he opened the window with a stick,he opened the window with a stick,0.0,0.0
P-051_Val_313.wav,The ball rolled.,The ball rolled.,the ball rolled,the ball rolled,0.0,0.0
P-062_Case_32.wav,She (right here) hit the bear.,She (right here) hit the bear.,she right here hit the bear,she right here hit the bear,0.0,0.0
P-062_Case_33.wav,The boy broke the pot.,The boy broke the pot.,the boy broke the pot,the boy broke the pot,0.0,0.0
P-062_Case_34.wav,She loves me.,She loves me.,she loves me,she loves me,0.0,0.0
P-062_Case_36.wav,They (not here) love us.,They (not here) love us.,they not here love us,they not here love us,0.0,0.0
P-062_Case_39.wav,Ahmed gave a flower to his wife.,Ahmed gave a flower to his wife.,ahmed gave a flower to his wife,ahmed gave a flower to his wife,0.0,0.0
P-062_Case_41.wav,He is working only for his family.,He is working only for his family.,he is working only for his family,he is working only for his family,0.0,0.0
P-062_Case_43.wav,She gave bread to the child.,She gave bread to the child.,she gave bread to the child,she gave bread to the child,0.0,0.0
P-062_Case_51.wav,My sister is in school.,My sister is in school.,my sister is in school,my sister is in school,0.0,0.0
P-062_Case_52.wav,Fatima lives in Pakistan.,Fatima lives in Pakistan.,fatima lives in pakistan,fatima lives in pakistan,0.0,0.0
P-062_Case_53.wav,Leaves are falling down from the tree.,Leaves are falling down from the tree.,leaves are falling down from the tree,leaves are falling down from the tree,0.0,0.0
P-062_Cau_330.wav,The parents made the boy study.,The parents made the boy study.,the parents made the boy study,the parents made the boy study,0.0,0.0
P-062_Cau_337.wav,The doctor made me take medicine.,The doctor made me take medicine.,the doctor made me take medicine,the doctor made me take medicine,0.0,0.0
P-062_Cls_192.wav,Give me a small banana.,Give me a small banana.,give me a small banana,give me a small banana,0.0,0.0
P-062_Cls_194.wav,There is no water in the tank.,There is no water in the tank.,there is no water in the tank,there is no water in the tank,0.0,0.0
P-062_Cls_197.wav,Tie them with a rope.,Tie them with a rope.,tie them with a rope,tie them with a rope,0.0,0.0
P-062_Cls_201.wav,Give me three long objects.,Give me three long objects.,give me three long objects,give me three long objects,0.0,0.0
P-062_Cls_210.wav,They carried ten bags of rice.,They carried ten bags of rice.,they carried ten bags of rice,they carried ten bags of rice,0.0,0.0
P-062_ECV_154.wav,She has gone outside the house.,She has gone outside the house.,she has gone outside the house,she has gone outside the house,0.0,0.0
P-062_ECV_156.wav,He died.,He died.,he died,he died,0.0,0.0
P-062_ECV_160.wav,He cleaned up the room.,He cleaned up the room.,he cleaned up the room,he cleaned up the room,0.0,0.0
P-062_ECV_170.wav,"Simra sang, danced, and entertained the guests.","Simra sang, danced, and entertained the guests.",simra sang danced and entertained the guests,simra sang danced and entertained the guests,0.0,0.0
P-062_ECV_171.wav,Finish your work and come home.,Finish your work and come home.,finish your work and come home,finish your work and come home,0.0,0.0
P-062_ECV_172.wav,"He stood up, picked the bag, and left.","He stood up, picked the bag, and left.",he stood up picked the bag and left,he stood up picked the bag and left,0.0,0.0
P-062_ECV_175.wav,Wash your hands before eating.,Wash your hands before eating.,wash your hands before eating,wash your hands before eating,0.0,0.0
P-062_ECV_180.wav,He looked at me and smiled.,He looked at me and smiled.,he looked at me and smiled,he looked at me and smiled,0.0,0.0
P-062_ECV_183.wav,"After finishing the meeting, we went home.","After finishing the meeting, we went home.",after finishing the meeting we went home,after finishing the meeting we went home,0.0,0.0
P-062_Int_219.wav,How did you fall?,How did you fall?,how did you fall,how did you fall,0.0,0.0
P-062_Int_221.wav,Whose bag is this?,Whose bag is this?,whose bag is this,whose bag is this,0.0,0.0
P-062_Int_232.wav,Where did they go last night?,Where did they go last night?,where did they go last night,where did they go last night,0.0,0.0
P-062_Int_235.wav,Where should we meet?,Where should we meet?,where should we meet,where should we meet,0.0,0.0
P-062_Int_240.wav,When did you see him?,When did you see him?,when did you see him,when did you see him,0.0,0.0
P-062_Int_345.wav,What are you doing?,What are you doing?,what are you doing,what are you doing,0.0,0.0
P-062_Int_348.wav,When will she arrive?,When will she arrive?,when will she arrive,when will she arrive,0.0,0.0
P-062_Int_352.wav,Will she stay here?,Will she stay here?,will she stay here,will she stay here,0.0,0.0
P-062_Int_353.wav,Do you trust him?,Do you trust him?,do you trust him,do you trust him,0.0,0.0
P-062_Int_355.wav,Did it rain last night?,Did it rain last night?,did it rain last night,did it rain last night,0.0,0.0
P-062_Int_361.wav,What are they doing with the knife?,What are they doing with the knife?,what are they doing with the knife,what are they doing with the knife,0.0,0.0
P-062_Int_368.wav,Can she read this?,Can she read this?,can she read this,can she read this,0.0,0.0
P-062_Int_374.wav,How many children came today?,How many children came today?,how many children came today,how many children came today,0.0,0.0
P-062_Int_375.wav,Where did he go?,Where did he go?,where did he go,where did he go,0.0,0.0
P-062_Neg_100.wav,I didn’t eat yesterday.,I didn’t eat yesterday.,i didn’t eat yesterday,i didn’t eat yesterday,0.0,0.0
P-062_Neg_102.wav,I have not eaten.,I have not eaten.,i have not eaten,i have not eaten,0.0,0.0
P-062_Neg_111.wav,I think he will not come.,I don’t think he will come.,i think he will not come,i don’t think he will come,33.33,41.67
P-062_Neg_114.wav,She did not eat anything yesterday.,She did not eat anything yesterday.,she did not eat anything yesterday,she did not eat anything yesterday,0.0,0.0
P-062_Neg_115.wav,I don’t see her anymore.,I don’t see her anymore.,i don’t see her anymore,i don’t see her anymore,0.0,0.0
P-062_Neg_95.wav,There is no water in the river.,There is no water in the river.,there is no water in the river,there is no water in the river,0.0,0.0
P-062_Neg_96.wav,He cannot sing.,He cannot sing.,he cannot sing,he cannot sing,0.0,0.0
P-062_Pos_381.wav,She has a daughter.,She has a daughter.,she has a daughter,she has a daughter,0.0,0.0
P-062_Pos_386.wav,She has a headache.,She has a headache.,she has a headache,she has a headache,0.0,0.0
P-062_Pos_404.wav,I have work to do today.,I have work to do today.,i have work to do today,i have work to do today,0.0,0.0
P-062_Pro_245.wav,You are late.,You are late.,you are late,you are late,0.0,0.0
P-062_Pro_246.wav,She is sleeping.,She is sleeping.,she is sleeping,she is sleeping,0.0,0.0
P-062_Pro_247.wav,He is standing outside.,He is standing outside.,he is standing outside,he is standing outside,0.0,0.0
P-062_Pro_252.wav,They called you yesterday.,They called you yesterday.,they called you yesterday,they called you yesterday,0.0,0.0
P-062_Pro_259.wav,She talked about herself.,She talked about herself.,she talked about herself,she talked about herself,0.0,0.0
P-062_Pro_270.wav,Put it over there.,Put it over there.,put it over there,put it over there,0.0,0.0
P-062_Pro_274.wav,He came yesterday.,He came yesterday.,he came yesterday,he came yesterday,0.0,0.0
P-062_Pro_276.wav,I will start now.,I will start now.,i will start now,i will start now,0.0,0.0
P-062_Ref_125.wav,We saw ourselves in the mirror.,We saw ourselves in the mirror.,we saw ourselves in the mirror,we saw ourselves in the mirror,0.0,0.0
P-062_Ref_126.wav,You cooked rice yourself.,You cooked rice yourself.,you cooked rice yourself,you cooked rice yourself,0.0,0.0
P-062_Ref_128.wav,Nobody loved her.,Nobody loved her.,nobody loved her,nobody loved her,0.0,0.0
P-062_Ref_129.wav,Who praises himself?,Who praises himself?,who praises himself,who praises himself,0.0,0.0
P-062_Ref_135.wav,She spoke to herself quietly.,She spoke to herself quietly.,she spoke to herself quietly,she spoke to herself quietly,0.0,0.0
P-062_Ref_144.wav,He closed the door by himself.,He closed the door by himself.,he closed the door by himself,he closed the door by himself,0.0,0.0
P-062_Simple_1.wav,I like mangoes.,I like mangoes.,i like mangoes,i like mangoes,0.0,0.0
P-062_Simple_11.wav,We cooked rice in the morning.,We cooked rice in the morning.,we cooked rice in the morning,we cooked rice in the morning,0.0,0.0
P-062_Simple_14.wav,I want to go to the town tonight.,I want to go to the town tonight.,i want to go to the town tonight,i want to go to the town tonight,0.0,0.0
P-062_Simple_24.wav,We stayed inside because it was cold.,We stayed inside because it was cold.,we stayed inside because it was cold,we stayed inside because it was cold,0.0,0.0
P-062_Simple_25.wav,He (right here) will study after he reaches home.,He (right here) will study after he reaches home.,he right here will study after he reaches home,he right here will study after he reaches home,0.0,0.0
P-062_Simple_26.wav,I told him (not here) that she is my sister.,I told him (not here) that she is my sister.,i told him not here that she is my sister,i told him not here that she is my sister,0.0,0.0
P-062_Simple_27.wav,She (right here) thinks that he (not here) will come tomorrow.,She (right here) thinks that he (not here) will come tomorrow.,she right here thinks that he not here will come tomorrow,she right here thinks that he not here will come tomorrow,0.0,0.0
P-062_Simple_7a.wav,She (right here) saw a man.,She (right here) saw a man.,she right here saw a man,she right here saw a man,0.0,0.0
P-062_Simple_7b.wav,She (not here) saw a man.,She (not here) saw a man.,she not here saw a man,she not here saw a man,0.0,0.0
P-062_Simple_9.wav,It is raining.,It is raining.,it is raining,it is raining,0.0,0.0
P-062_TAM_65.wav,I am walking to field now.,I am walking to field now.,i am walking to field now,i am walking to field now,0.0,0.0
P-062_TAM_70.wav,I will not walk to school.,I will not walk to school.,i will not walk to school,i will not walk to school,0.0,0.0
P-062_TAM_72b.wav,We are headed to the market now.,We are headed to the market now.,we are headed to the market now,we are headed to the market now,0.0,0.0
P-062_TAM_73.wav,We walk to school daily.,We walk to school daily.,we walk to school daily,we walk to school daily,0.0,0.0
P-062_TAM_78.wav,She is walking very slowly now.,She is walking very slowly now.,she is walking very slowly now,she is walking very slowly now,0.0,0.0
P-062_TAM_88.wav,They had walked far before it started raining.,They had walked far before it started raining.,they had walked far before it started raining,they had walked far before it started raining,0.0,0.0
P-062_TAM_92.wav,Jemal is not walking tomorrow.,Jemal is not walking tomorrow.,jemal is not walking tomorrow,jemal is not walking tomorrow,0.0,0.0
P-062_Val_283.wav,The child woke up.,The child woke up.,the child woke up,the child woke up,0.0,0.0
P-062_Val_286.wav,He broke the pot.,He broke the pot.,he broke the pot,he broke the pot,0.0,0.0
P-062_Val_294.wav,The girl danced.,The girl danced.,the girl danced,the girl danced,0.0,0.0
P-062_Val_296.wav,The man ran.,The man ran.,the man ran,the man ran,0.0,0.0
P-062_Val_297.wav,He went.,He went.,he went,he went,0.0,0.0
P-062_Val_301.wav,The fire burned.,The fire burned.,the fire burned,the fire burned,0.0,0.0
P-062_Val_306.wav,She fed the child rice.,She fed the child rice.,she fed the child rice,she fed the child rice,0.0,0.0
P-063_Case_38.wav,He (right here) opened the box two days back.,He (right here) opened the box two days back.,he right here opened the box two days back,he right here opened the box two days back,0.0,0.0
P-063_Case_42.wav,Give ten rupees to each one of them.,Give ten rupees to each one of them.,give ten rupees to each one of them,give ten rupees to each one of them,0.0,0.0
P-063_Case_46.wav,My sister is in school.,My sister is in school.,my sister is in school,my sister is in school,0.0,0.0
P-063_Case_60.wav,He came with his friend.,He came with his friend.,he came with his friend,he came with his friend,0.0,0.0
P-063_Case_63.wav,The children came from the river.,The children came from the river.,the children came from the river,the children came from the river,0.0,0.0
P-063_Cau_328.wav,They made me wait outside.,They made me wait outside.,they made me wait outside,they made me wait outside,0.0,0.0
P-063_Cau_333.wav,The rain made the road muddy.,The rain made the road muddy.,the rain made the road muddy,the rain made the road muddy,0.0,0.0
P-063_Cau_335.wav,The loud noise made the birds fly away.,The loud noise made the birds fly away.,the loud noise made the birds fly away,the loud noise made the birds fly away,0.0,0.0
P-063_Cls_192.wav,Give me a small banana.,Give me a small banana.,give me a small banana,give me a small banana,0.0,0.0
P-063_Cls_193.wav,I came by boat.,I came by boat.,i came by boat,i came by boat,0.0,0.0
P-063_Cls_194.wav,There is no water in the tank.,There is no water in the tank.,there is no water in the tank,there is no water in the tank,0.0,0.0
P-063_Cls_206.wav,Bring two cups of water.,Bring two cups of water.,bring two cups of water,bring two cups of water,0.0,0.0
P-063_Cls_209.wav,She picked six small stones.,She picked six small stones.,she picked six small stones,she picked six small stones,0.0,0.0
P-063_Cls_211.wav,The shop has many kinds of flowers.,The shop has many kinds of flowers.,the shop has many kinds of flowers,the shop has many kinds of flowers,0.0,0.0
P-063_ECV_156.wav,He died.,He died.,he died,he died,0.0,0.0
P-063_ECV_157.wav,She broke the engagement.,She broke the engagement.,she broke the engagement,she broke the engagement,0.0,0.0
P-063_ECV_159.wav,He fell down.,He fell down.,he fell down,he fell down,0.0,0.0
P-063_ECV_164.wav,Emaan kicked me and ran away.,Emaan kicked me and ran away.,emaan kicked me and ran away,emaan kicked me and ran away,0.0,0.0
P-063_ECV_167.wav,I came here to see you.,I came here to see you.,i came here to see you,i came here to see you,0.0,0.0
P-063_ECV_169.wav,"He came, sat, ate and went away.","He came, sat, ate and went away.",he came sat ate and went away,he came sat ate and went away,0.0,0.0
P-063_ECV_177.wav,She went to the market to buy vegetables.,She went to the market to buy vegetables.,she went to the market to buy vegetables,she went to the market to buy vegetables,0.0,0.0
P-063_ECV_179.wav,They sat together and talked for a long time.,They sat together and talked for a long time.,they sat together and talked for a long time,they sat together and talked for a long time,0.0,0.0
P-063_ECV_180.wav,He looked at me and smiled.,He looked at me and smiled.,he looked at me and smiled,he looked at me and smiled,0.0,0.0
P-063_ECV_182.wav,I will go there and ask him.,I will go there and ask him.,i will go there and ask him,i will go there and ask him,0.0,0.0
P-063_Imp_473.wav,Write your name.,Write your name.,write your name,write your name,0.0,0.0
P-063_Int_215.wav,Where are you going?,Where are you going?,where are you going,where are you going,0.0,0.0
P-063_Int_224.wav,Will he come tomorrow?,Will he come tomorrow?,will he come tomorrow,will he come tomorrow,0.0,0.0
P-063_Int_226.wav,Do you know her?,Do you know her?,do you know her,do you know her,0.0,0.0
P-063_Int_230.wav,Do you have money?,Do you have money?,do you have money,do you have money,0.0,0.0
P-063_Int_239.wav,Why are they shouting?,Why are they shouting?,why are they shouting,why are they shouting,0.0,0.0
P-063_Int_240.wav,When did you see him?,When did you see him?,when did you see him,when did you see him,0.0,0.0
P-063_Int_241.wav,How can I solve this problem?,How can I solve this problem?,how can i solve this problem,how can i solve this problem,0.0,0.0
P-063_Int_243.wav,What do you want to buy?,What do you want to buy?,what do you want to buy,what do you want to buy,0.0,0.0
P-063_Int_350.wav,How did he fix it?,How did he fix it?,how did he fix it,how did he fix it,0.0,0.0
P-063_Int_360.wav,Who gave you money?,Who gave you money?,who gave you money,who gave you money,0.0,0.0
P-063_Int_361.wav,What are they doing with the knife?,What are they doing with the knife?,what are they doing with the knife,what are they doing with the knife,0.0,0.0
P-063_Int_362.wav,Where did she come from?,Where did she come from?,where did she come from,where did she come from,0.0,0.0
P-063_Int_365.wav,Do you have a headache?,Do you have a headache?,do you have a headache,do you have a headache,0.0,0.0
P-063_Int_369.wav,Should we go now?,Should we go now?,should we go now,should we go now,0.0,0.0
P-063_Int_372.wav,Did he not see them?,Did he not see them?,did he not see them,did he not see them,0.0,0.0
P-063_Int_375.wav,Where did he go?,Where did he go?,where did he go,where did he go,0.0,0.0
P-063_Neg_101.wav,They have finished their job.,They have finished their job.,they have finished their job,they have finished their job,0.0,0.0
P-063_Neg_115.wav,I don’t see her anymore.,I don’t see her anymore.,i don’t see her anymore,i don’t see her anymore,0.0,0.0
P-063_Neg_116.wav,Nothing can be done about his illness.,Nothing can be done about his illness.,nothing can be done about his illness,nothing can be done about his illness,0.0,0.0
P-063_Neg_117.wav,Nobody saw me.,Nobody saw me.,nobody saw me,nobody saw me,0.0,0.0
P-063_Neg_94c.wav,She (right here) is not a teacher.,She (right here) is not a teacher.,she right here is not a teacher,she right here is not a teacher,0.0,0.0
P-063_Neg_94d.wav,She (not here) is not a teacher.,She (not here) is not a teacher.,she not here is not a teacher,she not here is not a teacher,0.0,0.0
P-063_Neg_97.wav,You may not go now.,You may not go now.,you may not go now,you may not go now,0.0,0.0
P-063_Pos_378.wav,They have a car.,They have a car.,they have a car,they have a car,0.0,0.0
P-063_Pos_384.wav,They have no money.,They have no money.,they have no money,they have no money,0.0,0.0
P-063_Pos_388.wav,He has fever.,He has fever.,he has fever,he has fever,0.0,0.0
P-063_Pro_245.wav,You are late.,You are late.,you are late,you are late,0.0,0.0
P-063_Pro_250.wav,I saw them.,I saw them.,i saw them,i saw them,0.0,0.0
P-063_Pro_253.wav,He helped us.,He helped us.,he helped us,he helped us,0.0,0.0
P-063_Pro_260.wav,He brought food for them.,He brought food for them.,he brought food for them,he brought food for them,0.0,0.0
P-063_Pro_263.wav,This belongs to her.,This belongs to her.,this belongs to her,this belongs to her,0.0,0.0
P-063_Pro_268.wav,Come here.,Come here.,come here,come here,0.0,0.0
P-063_Pro_270.wav,Put it over there.,Put it over there.,put it over there,put it over there,0.0,0.0
P-063_Ref_138.wav,We introduced ourselves to the teacher.,We introduced ourselves to the teacher.,we introduced ourselves to the teacher,we introduced ourselves to the teacher,0.0,0.0
P-063_Ref_140.wav,She taught herself to read.,She taught herself to read.,she taught herself to read,she taught herself to read,0.0,0.0
P-063_Ref_146.wav,The children dressed themselves.,The children dressed themselves.,the children dressed themselves,the children dressed themselves,0.0,0.0
P-063_Ref_151.wav,The birds called to each other.,The birds called to each other.,the birds called to each other,the birds called to each other,0.0,0.0
P-063_Simple_11.wav,We cooked rice in the morning.,We cooked rice in the morning.,we cooked rice in the morning,we cooked rice in the morning,0.0,0.0
P-063_Simple_12b.wav,He (not here) saw that they are playing with a stone.,He (not here) saw that they are playing with a stone.,he not here saw that they are playing with a stone,he not here saw that they are playing with a stone,0.0,0.0
P-063_Simple_13a.wav,She (right here) said that the woman is sleeping on the floor.,She (right here) said that the woman is sleeping on the floor.,she right here said that the woman is sleeping on the floor,she right here said that the woman is sleeping on the floor,0.0,0.0
P-063_Simple_2.wav,The monkey is on the tree.,The monkey is on the tree.,the monkey is on the tree,the monkey is on the tree,0.0,0.0
P-063_Simple_27.wav,She (right here) thinks that he (not here) will come tomorrow.,She (right here) thinks that he (not here) will come tomorrow.,she right here thinks that he not here will come tomorrow,she right here thinks that he not here will come tomorrow,0.0,0.0
P-063_Simple_28.wav,We waited until the bus arrived.,We waited until the bus arrived.,we waited until the bus arrived,we waited until the bus arrived,0.0,0.0
P-063_Simple_7a.wav,She (right here) saw a man.,She (right here) saw a man.,she right here saw a man,she right here saw a man,0.0,0.0
P-063_TAM_66.wav,I was walking.,I was walking.,i was walking,i was walking,0.0,0.0
P-063_TAM_69.wav,I will go to Karachi on Sunday.,I will go to Karachi on Sunday.,i will go to karachi on sunday,i will go to karachi on sunday,0.0,0.0
P-063_TAM_70.wav,I will not walk to school.,I will not walk to school.,i will not walk to school,i will not walk to school,0.0,0.0
P-063_TAM_76.wav,You walked to town yesterday.,You walked to town yesterday.,you walked to town yesterday,you walked to town yesterday,0.0,0.0
P-063_TAM_80.wav,They are not walking today.,They are not walking today.,they are not walking today,they are not walking today,0.0,0.0
P-063_TAM_82.wav,I might walk there later.,I might walk there later.,i might walk there later,i might walk there later,0.0,0.0
P-063_Val_290.wav,They turned off the light.,They turned off the light.,they turned off the light,they turned off the light,0.0,0.0
P-063_Val_299.wav,The baby cried.,The baby cried.,the baby cried,the baby cried,0.0,0.0
P-063_Val_302.wav,They burned the firewood.,They burned the firewood.,they burned the firewood,they burned the firewood,0.0,0.0
P-063_Val_310.wav,The teacher spoke to the class.,The teacher spoke to the class.,the teacher spoke to the class,the teacher spoke to the class,0.0,0.0
P-063_Val_311.wav,The window opened by itself.,The window opened by itself.,the window opened by itself,the window opened by itself,0.0,0.0
P-066_Case_37.wav,Yesterday they (not here) caught the thief.,Yesterday they (not here) caught the thief.,yesterday they not here caught the thief,yesterday they not here caught the thief,0.0,0.0
P-066_Case_38.wav,He (right here) opened the box two days back.,He (right here) opened the box two days back.,he right here opened the box two days back,he right here opened the box two days back,0.0,0.0
P-066_Case_39.wav,Ahmed gave a flower to his wife.,Ahmed gave a flower to his wife.,ahmed gave a flower to his wife,ahmed gave a flower to his wife,0.0,0.0
P-066_Case_40.wav,Father bought a toy for his son.,Father bought a toy for his son.,father bought a toy for his son,father bought a toy for his son,0.0,0.0
P-066_Case_43.wav,She gave bread to the child.,She gave bread to the child.,she gave bread to the child,she gave bread to the child,0.0,0.0
P-066_Case_46.wav,My sister is in school.,My sister is in school.,my sister is in school,my sister is in school,0.0,0.0
P-066_Case_48.wav,He wrote the letter with a pen.,He wrote the letter with a pen.,he wrote the letter with a pen,he wrote the letter with a pen,0.0,0.0
P-066_Cau_315.wav,The nurse fed the baby.,The nurse fed the baby.,the nurse fed the baby,the nurse fed the baby,0.0,0.0
P-066_Cau_316.wav,Mother made me go outside.,Mother made me go outside.,mother made me go outside,mother made me go outside,0.0,0.0
P-066_Cau_318.wav,I made the girl clean the room with a broom.,I made the girl clean the room with a broom.,i made the girl clean the room with a broom,i made the girl clean the room with a broom,0.0,0.0
P-066_Cau_324.wav,"Because of bad weather, we could not go to the village.",The doctor made me take medicine.,because of bad weather we could not go to the village,the doctor made me take medicine,100.0,75.47
P-066_Cau_326.wav,I am unable to walk.,I am unable to walk.,i am unable to walk,i am unable to walk,0.0,0.0
P-066_Cau_328.wav,They made me wait outside.,They made me wait outside.,they made me wait outside,they made me wait outside,0.0,0.0
P-066_Cau_334.wav,The cold weather made him sick.,The cold weather made him sick.,the cold weather made him sick,the cold weather made him sick,0.0,0.0
P-066_Cau_336.wav,The wind made the trees fall.,The wind made the trees fall.,the wind made the trees fall,the wind made the trees fall,0.0,0.0
P-066_Cau_340.wav,They made her clean the house.,They made her clean the house.,they made her clean the house,they made her clean the house,0.0,0.0
P-066_Cau_342.wav,The smell made me feel sick.,The smell made me feel sick.,the smell made me feel sick,the smell made me feel sick,0.0,0.0
P-066_Cls_192.wav,Give me a small banana.,Give me a small banana.,give me a small banana,give me a small banana,0.0,0.0
P-066_Cls_193.wav,I came by boat.,I came by boat.,i came by boat,i came by boat,0.0,0.0
P-066_Cls_196.wav,Do not beat the student with a stick.,Do not beat the student with a stick.,do not beat the student with a stick,do not beat the student with a stick,0.0,0.0
P-066_Cls_200.wav,The labourer needs fifty stones to build a house.,The labourer needs fifty stones to build a house.,the labourer needs fifty stones to build a house,the labourer needs fifty stones to build a house,0.0,0.0
P-066_Cls_201.wav,Give me three long objects.,Give me three long objects.,give me three long objects,give me three long objects,0.0,0.0
P-066_Cls_210.wav,They carried ten bags of rice.,They carried ten bags of rice.,they carried ten bags of rice,they carried ten bags of rice,0.0,0.0
P-066_ECV_154.wav,She has gone outside the house.,She has gone outside the house.,she has gone outside the house,she has gone outside the house,0.0,0.0
P-066_ECV_155.wav,He broke the car.,He broke the car.,he broke the car,he broke the car,0.0,0.0
P-066_ECV_158.wav,She ran to the terrace.,She ran to the terrace.,she ran to the terrace,she ran to the terrace,0.0,0.0
P-066_ECV_176.wav,"After studying, he played outside.","After studying, he played outside.",after studying he played outside,after studying he played outside,0.0,0.0
P-066_Int_215.wav,Where are you going?,Where are you going?,where are you going,where are you going,0.0,0.0
P-066_Int_217.wav,Why are you late?,Why are you late?,why are you late,why are you late,0.0,0.0
P-066_Int_226.wav,Do you know her?,Do you know her?,do you know her,do you know her,0.0,0.0
P-066_Int_231.wav,Who are you waiting for?,Who are you waiting for?,who are you waiting for,who are you waiting for,0.0,0.0
P-066_Int_235.wav,Where should we meet?,Where should we meet?,where should we meet,where should we meet,0.0,0.0
P-066_Int_238.wav,Who will help us tomorrow?,Who will help us tomorrow?,who will help us tomorrow,who will help us tomorrow,0.0,0.0
P-066_Int_241.wav,How can I solve this problem?,How can I solve this problem?,how can i solve this problem,how can i solve this problem,0.0,0.0
P-066_Int_354.wav,Are you feeling better now?,Are you feeling better now?,are you feeling better now,are you feeling better now,0.0,0.0
P-066_Int_356.wav,What did he break?,What did he break?,what did he break,what did he break,0.0,0.0
P-066_Int_364.wav,Where did he put the books?,Where did he put the books?,where did he put the books,where did he put the books,0.0,0.0
P-066_Int_368.wav,Can she read this?,Can she read this?,can she read this,can she read this,0.0,0.0
P-066_Int_371.wav,Why didn’t you tell me?,Why didn’t you tell me?,why didn’t you tell me,why didn’t you tell me,0.0,0.0
P-066_Int_374.wav,How many children came today?,How many children came today?,how many children came today,how many children came today,0.0,0.0
P-066_Neg_102.wav,I have not eaten.,I have not eaten.,i have not eaten,i have not eaten,0.0,0.0
P-066_Neg_103.wav,I had not eaten yet.,I had not eaten yet.,i had not eaten yet,i had not eaten yet,0.0,0.0
P-066_Neg_104.wav,He left without informing anyone.,He left without informing anyone.,he left without informing anyone,he left without informing anyone,0.0,0.0
P-066_Neg_108.wav,Do not enter.,Do not enter.,do not enter,do not enter,0.0,0.0
P-066_Neg_111.wav,I think he will not come.,I think he will not come.,i think he will not come,i think he will not come,0.0,0.0
P-066_Neg_116.wav,Nothing can be done about his illness.,Nothing can be done about his illness.,nothing can be done about his illness,nothing can be done about his illness,0.0,0.0
P-066_Neg_117.wav,Nobody saw me.,Nobody saw me.,nobody saw me,nobody saw me,0.0,0.0
P-066_Neg_122.wav,The bird is no longer on the tree.,She has no money.,the bird is no longer on the tree,she has no money,87.5,66.67
P-066_Neg_123.wav,If you don’t study you will fail.,If you don’t study you will fail.,if you don’t study you will fail,if you don’t study you will fail,0.0,0.0
P-066_Neg_94b.wav,He (not here) is not a teacher.,He (not here) is not a teacher.,he not here is not a teacher,he not here is not a teacher,0.0,0.0
P-066_Neg_98.wav,We will not upset you.,We will not upset you.,we will not upset you,we will not upset you,0.0,0.0
P-066_Pro_245.wav,You are late.,You are late.,you are late,you are late,0.0,0.0
P-066_Pro_250.wav,I saw them.,I saw them.,i saw them,i saw them,0.0,0.0
P-066_Pro_258.wav,They washed themselves.,They washed themselves.,they washed themselves,they washed themselves,0.0,0.0
P-066_Pro_268.wav,Come here.,Come here.,come here,come here,0.0,0.0
P-066_Pro_277.wav,We will meet later.,We will meet later.,we will meet later,we will meet later,0.0,0.0
P-066_Ref_129.wav,Who praises himself?,Who praises himself?,who praises himself,who praises himself,0.0,0.0
P-066_Ref_135.wav,She spoke to herself quietly.,She spoke to herself quietly.,she spoke to herself quietly,she spoke to herself quietly,0.0,0.0
P-066_Ref_138.wav,We introduced ourselves to the teacher.,We introduced ourselves to the teacher.,we introduced ourselves to the teacher,we introduced ourselves to the teacher,0.0,0.0
P-066_Ref_147.wav,She protected herself from the cold.,She protected herself from the cold.,she protected herself from the cold,she protected herself from the cold,0.0,0.0
P-066_Ref_152.wav,The students shared their books with each other.,The students shared their books with each other.,the students shared their books with each other,the students shared their books with each other,0.0,0.0
P-066_Simple_12a.wav,He (right here) saw that they are playing with a stone.,He (right here) saw that they are playing with a stone.,he right here saw that they are playing with a stone,he right here saw that they are playing with a stone,0.0,0.0
P-066_Simple_12b.wav,He (not here) saw that they are playing with a stone.,He (not here) saw that they are playing with a stone.,he not here saw that they are playing with a stone,he not here saw that they are playing with a stone,0.0,0.0
P-066_Simple_14.wav,I want to go to the town tonight.,I want to go to the town tonight.,i want to go to the town tonight,i want to go to the town tonight,0.0,0.0
P-066_Simple_17.wav,It was raining so I could not go to the field.,It was raining so I could not go to the field.,it was raining so i could not go to the field,it was raining so i could not go to the field,0.0,0.0
P-066_Simple_19.wav,"If it rains a lot, the plants will grow better.","If it rains a lot, the plants will grow better.",if it rains a lot the plants will grow better,if it rains a lot the plants will grow better,0.0,0.0
P-066_Simple_23a.wav,They (right here) are eating because they are hungry.,They (not here) are eating because they are hungry.,they right here are eating because they are hungry,they not here are eating because they are hungry,11.11,8.0
P-066_Simple_27.wav,She (right here) thinks that he (not here) will come tomorrow.,She (right here) thinks that he (not here) will come tomorrow.,she right here thinks that he not here will come tomorrow,she right here thinks that he not here will come tomorrow,0.0,0.0
P-066_TAM_65.wav,I am walking to field now.,I am walking to field now.,i am walking to field now,i am walking to field now,0.0,0.0
P-066_TAM_69.wav,I will go to Karachi on Sunday.,I will go to Karachi on Sunday.,i will go to karachi on sunday,i will go to karachi on sunday,0.0,0.0
P-066_TAM_76.wav,You walked to town yesterday.,You walked to town yesterday.,you walked to town yesterday,you walked to town yesterday,0.0,0.0
P-066_TAM_90.wav,"I want to walk, but I am tired.","I want to walk, but I am tired.",i want to walk but i am tired,i want to walk but i am tired,0.0,0.0
P-066_Val_281.wav,The door opened.,The door opened.,the door opened,the door opened,0.0,0.0
P-066_Val_287.wav,The food cooked.,The food cooked.,the food cooked,the food cooked,0.0,0.0
P-066_Val_290.wav,They turned off the light.,They turned off the light.,they turned off the light,they turned off the light,0.0,0.0
P-066_Val_291.wav,The leaves fell.,The leaves fell.,the leaves fell,the leaves fell,0.0,0.0
P-066_Val_294.wav,The girl danced.,The girl danced.,the girl danced,the girl danced,0.0,0.0
P-066_Val_296.wav,The man ran.,The man ran.,the man ran,the man ran,0.0,0.0
P-066_Val_299.wav,The baby cried.,The baby cried.,the baby cried,the baby cried,0.0,0.0
P-066_Val_314.wav,She rolled the ball toward him.,She rolled the ball toward him.,she rolled the ball toward him,she rolled the ball toward him,0.0,0.0
P-068_Adp_406.wav,I am at home.,I am at home.,i am at home,i am at home,0.0,0.0
P-068_Adp_407.wav,She is in the room.,She is in the room.,she is in the room,she is in the room,0.0,0.0
P-068_Adp_413.wav,Put the shoes near the door.,Put the shoes near the door.,put the shoes near the door,put the shoes near the door,0.0,0.0
P-068_Adp_415.wav,The key is inside the box.,The key is inside the box.,the key is inside the box,the key is inside the box,0.0,0.0
P-068_Adp_417.wav,They are sitting beside me.,They are sitting beside me.,they are sitting beside me,they are sitting beside me,0.0,0.0
P-068_Adp_418.wav,She walked to the river.,She walked to the river.,she walked to the river,she walked to the river,0.0,0.0
P-068_Adp_420.wav,They went to the market.,They went to the market.,they went to the market,they went to the market,0.0,0.0
P-068_Adp_426.wav,He cut the fruit with a knife.,He cut the fruit with a knife.,he cut the fruit with a knife,he cut the fruit with a knife,0.0,0.0
P-068_Adp_430.wav,She stood between the two boys.,She stood between the two boys.,she stood between the two boys,she stood between the two boys,0.0,0.0
P-068_Adp_434.wav,The teacher stood in front of the class.,The teacher stood in front of the class.,the teacher stood in front of the class,the teacher stood in front of the class,0.0,0.0
P-068_Adp_435.wav,He put the cup on top of the shelf.,He put the cup on top of the shelf.,he put the cup on top of the shelf,he put the cup on top of the shelf,0.0,0.0
P-068_Case_42.wav,Give ten rupees to each one of them.,Give ten rupees to each one of them.,give ten rupees to each one of them,give ten rupees to each one of them,0.0,0.0
P-068_Case_43.wav,She gave bread to the child.,She gave bread to the child.,she gave bread to the child,she gave bread to the child,0.0,0.0
P-068_Case_51.wav,My sister is in school.,My sister is in school.,my sister is in school,my sister is in school,0.0,0.0
P-068_Case_53.wav,Leaves are falling down from the tree.,Leaves are falling down from the tree.,leaves are falling down from the tree,leaves are falling down from the tree,0.0,0.0
P-068_Case_62.wav,He cut the meat with a knife.,He cut the meat with a knife.,he cut the meat with a knife,he cut the meat with a knife,0.0,0.0
P-068_Cau_320.wav,I made him break the glass.,I made him break the glass.,i made him break the glass,i made him break the glass,0.0,0.0
P-068_Cls_187.wav,This is a tall tree.,This is a tall tree.,this is a tall tree,this is a tall tree,0.0,0.0
P-068_Cls_189.wav,We need an electric wire.,We need an electric wire.,we need an electric wire,we need an electric wire,0.0,0.0
P-068_Cls_201.wav,Give me three long objects.,Give me three long objects.,give me three long objects,give me three long objects,0.0,0.0
P-068_Cls_208.wav,We need five sheets of paper.,We need five sheets of paper.,we need five sheets of paper,we need five sheets of paper,0.0,0.0
P-068_Cls_212.wav,Give me one long stick.,Give me one long stick.,give me one long stick,give me one long stick,0.0,0.0
P-068_ECV_155.wav,He broke the car.,He broke the car.,he broke the car,he broke the car,0.0,0.0
P-068_ECV_160.wav,He cleaned up the room.,He cleaned up the room.,he cleaned up the room,he cleaned up the room,0.0,0.0
P-068_Imp_469.wav,Stand up.,Stand up.,stand up,stand up,0.0,0.0
P-068_Imp_473.wav,Write your name.,Write your name.,write your name,write your name,0.0,0.0
P-068_Imp_483.wav,Do not speak loudly.,Do not speak loudly.,do not speak loudly,do not speak loudly,0.0,0.0
P-068_Imp_486.wav,Go and bring milk.,Go and bring milk.,go and bring milk,go and bring milk,0.0,0.0
P-068_Imp_488.wav,Come and help me.,Come and help me.,come and help me,come and help me,0.0,0.0
P-068_Imp_489.wav,Eat and sleep.,Eat and sleep.,eat and sleep,eat and sleep,0.0,0.0
P-068_Imp_491.wav,Please wait a moment.,Please wait a moment.,please wait a moment,please wait a moment,0.0,0.0
P-068_Imp_492.wav,Please help the children.,Please help the children.,please help the children,please help the children,0.0,0.0
P-068_Imp_494.wav,Let them speak.,Let them speak.,let them speak,let them speak,0.0,0.0
P-068_Imp_495.wav,Let her sit here.,Let her sit here.,let her sit here,let her sit here,0.0,0.0
P-068_Imp_500.wav,Bring me your notes tomorrow.,Bring me your notes tomorrow.,bring me your notes tomorrow,bring me your notes tomorrow,0.0,0.0
P-068_Int_214.wav,What is your name?,What is your name?,what is your name,what is your name,0.0,0.0
P-068_Int_216.wav,Who is coming with you?,Who is coming with you?,who is coming with you,who is coming with you,0.0,0.0
P-068_Int_221.wav,Whose bag is this?,Whose bag is this?,whose bag is this,whose bag is this,0.0,0.0
P-068_Int_226.wav,Do you know her?,Do you know her?,do you know her,do you know her,0.0,0.0
P-068_Int_236.wav,Can she speak English?,Can she speak English?,can she speak english,can she speak english,0.0,0.0
P-068_Int_241.wav,How can I solve this problem?,How can I solve this problem?,how can i solve this problem,how can i solve this problem,0.0,0.0
P-068_Int_242.wav,Will you walk with me?,Will you walk with me?,will you walk with me,will you walk with me,0.0,0.0
P-068_Int_349.wav,Why are you crying?,Why are you crying?,why are you crying,why are you crying,0.0,0.0
P-068_Int_352.wav,Will she stay here?,Will she stay here?,will she stay here,will she stay here,0.0,0.0
P-068_Int_365.wav,Do you have a headache?,Do you have a headache?,do you have a headache,do you have a headache,0.0,0.0
P-068_Int_367.wav,Do they have enough food?,Do they have enough food?,do they have enough food,do they have enough food,0.0,0.0
P-068_Int_369.wav,Should we go now?,Should we go now?,should we go now,should we go now,0.0,0.0
P-068_Int_370.wav,May I open the door?,May I open the door?,may i open the door,may i open the door,0.0,0.0
P-068_Neg_100.wav,I didn’t eat yesterday.,I didn’t eat yesterday.,i didn’t eat yesterday,i didn’t eat yesterday,0.0,0.0
P-068_Neg_111.wav,I think he will not come.,I think he will not come.,i think he will not come,i think he will not come,0.0,0.0
P-068_Neg_117.wav,Nobody saw me.,Nobody saw me.,nobody saw me,nobody saw me,0.0,0.0
P-068_Neg_121.wav,Not everyone passed.,Not everyone passed.,not everyone passed,not everyone passed,0.0,0.0
P-068_Neg_94b.wav,He (not here) is not a teacher.,He (not here) is not a teacher.,he not here is not a teacher,he not here is not a teacher,0.0,0.0
P-068_Neg_95.wav,There is no water in the river.,There is no water in the river.,there is no water in the river,there is no water in the river,0.0,0.0
P-068_Pas_437.wav,The door was opened by the boy.,The door was opened by the boy.,the door was opened by the boy,the door was opened by the boy,0.0,0.0
P-068_Pas_440.wav,The house was built last year.,The house was built last year.,the house was built last year,the house was built last year,0.0,0.0
P-068_Pas_443.wav,The letter was written by my brother.,The letter was written by my brother.,the letter was written by my brother,the letter was written by my brother,0.0,0.0
P-068_Pas_445.wav,The road was cleaned by the workers.,The road was cleaned by the workers.,the road was cleaned by the workers,the road was cleaned by the workers,0.0,0.0
P-068_Pas_446.wav,The glass was broken.,The glass was broken.,the glass was broken,the glass was broken,0.0,0.0
P-068_Pas_448.wav,The rice will be cooked.,The rice will be cooked.,the rice will be cooked,the rice will be cooked,0.0,0.0
P-068_Pas_451.wav,The tree was cut down by the men.,The tree was cut down by the men.,the tree was cut down by the men,the tree was cut down by the men,0.0,0.0
P-068_Pas_456.wav,The books were taken from the shelf.,The books were taken from the shelf.,the books were taken from the shelf,the books were taken from the shelf,0.0,0.0
P-068_Pas_464.wav,The bridge was destroyed by the flood.,The bridge was destroyed by the flood.,the bridge was destroyed by the flood,the bridge was destroyed by the flood,0.0,0.0
P-068_Pos_377.wav,She has a new phone.,She has a new phone.,she has a new phone,she has a new phone,0.0,0.0
P-068_Pos_382.wav,He has two brothers.,He has two brothers.,he has two brothers,he has two brothers,0.0,0.0
P-068_Pos_383.wav,My family has land near the river.,My family has land near the river.,my family has land near the river,my family has land near the river,0.0,0.0
P-068_Pos_389.wav,We have hope.,We have hope.,we have hope,we have hope,0.0,0.0
P-068_Pos_390.wav,They have a plan.,They have a plan.,they have a plan,they have a plan,0.0,0.0
P-068_Pos_393.wav,The house has a small garden.,The house has a small garden.,the house has a small garden,the house has a small garden,0.0,0.0
P-068_Pos_398.wav,The river has clear water.,The river has clear water.,the river has clear water,the river has clear water,0.0,0.0
P-068_Pro_245.wav,You are late.,You are late.,you are late,you are late,0.0,0.0
P-068_Pro_255.wav,That is your book.,That is your book.,that is your book,that is your book,0.0,0.0
P-068_Pro_258.wav,They washed themselves.,They washed themselves.,they washed themselves,they washed themselves,0.0,0.0
P-068_Pro_264.wav,This is my bag.,This is my bag.,this is my bag,this is my bag,0.0,0.0
P-068_Pro_266.wav,These are my clothes.,These are my clothes.,these are my clothes,these are my clothes,0.0,0.0
P-068_Pro_268.wav,Come here.,Come here.,come here,come here,0.0,0.0
P-068_Pro_276.wav,I will start now.,I will start now.,i will start now,i will start now,0.0,0.0
P-068_Ref_125.wav,We saw ourselves in the mirror.,We saw ourselves in the mirror.,we saw ourselves in the mirror,we saw ourselves in the mirror,0.0,0.0
P-068_Ref_134.wav,They follow each other.,They follow each other.,they follow each other,they follow each other,0.0,0.0
P-068_Ref_135.wav,She spoke to herself quietly.,She spoke to herself quietly.,she spoke to herself quietly,she spoke to herself quietly,0.0,0.0
P-068_Ref_143.wav,The machine stopped by itself.,The machine stopped by itself.,the machine stopped by itself,the machine stopped by itself,0.0,0.0
P-068_Simple_12a.wav,He (right here) saw that they are playing with a stone.,He (right here) saw that they are playing with a stone.,he right here saw that they are playing with a stone,he right here saw that they are playing with a stone,0.0,0.0
P-068_Simple_18.wav,I will go when my mother comes.,I will go when my mother comes.,i will go when my mother comes,i will go when my mother comes,0.0,0.0
P-068_Simple_19.wav,"If it rains a lot, the plants will grow better.","If it rains a lot, the plants will grow better.",if it rains a lot the plants will grow better,if it rains a lot the plants will grow better,0.0,0.0
P-068_Simple_2.wav,The monkey is on the tree.,The monkey is on the tree.,the monkey is on the tree,the monkey is on the tree,0.0,0.0
P-068_Simple_24.wav,We stayed inside because it was cold.,We stayed inside because it was cold.,we stayed inside because it was cold,we stayed inside because it was cold,0.0,0.0
P-068_TAM_69.wav,I will go to Karachi on Sunday.,I will go to Karachi on Sunday.,i will go to karachi on sunday,i will go to karachi on sunday,0.0,0.0
P-068_TAM_76.wav,You walked to town yesterday.,You walked to town yesterday.,you walked to town yesterday,you walked to town yesterday,0.0,0.0
P-068_TAM_78.wav,She is walking very slowly now.,She is walking very slowly now.,she is walking very slowly now,she is walking very slowly now,0.0,0.0
P-068_TAM_83.wav,You should not walk at night.,You should not walk at night.,you should not walk at night,you should not walk at night,0.0,0.0
P-068_TAM_87.wav,She has already walked to the village.,She has already walked to the village.,she has already walked to the village,she has already walked to the village,0.0,0.0
P-068_TAM_91.wav,"If it rains, we will walk later.","If it rains, we will walk later.",if it rains we will walk later,if it rains we will walk later,0.0,0.0
P-068_TAM_93.wav,They might have walked without us.,They might have walked without us.,they might have walked without us,they might have walked without us,0.0,0.0
P-068_Val_281.wav,The door opened.,The door opened.,the door opened,the door opened,0.0,0.0
P-068_Val_283.wav,The child woke up.,The child woke up.,the child woke up,the child woke up,0.0,0.0
P-068_Val_286.wav,He broke the pot.,He broke the pot.,he broke the pot,he broke the pot,0.0,0.0
P-068_Val_294.wav,The girl danced.,The girl danced.,the girl danced,the girl danced,0.0,0.0
P-068_Val_296.wav,The man ran.,The man ran.,the man ran,the man ran,0.0,0.0
P-068_Val_300.wav,The noise made the baby cry.,The noise made the baby cry.,the noise made the baby cry,the noise made the baby cry,0.0,0.0
P-068_Val_302.wav,They burned the firewood.,They burned the firewood.,they burned the firewood,they burned the firewood,0.0,0.0
P-068_Val_306.wav,She fed the child rice.,She fed the child rice.,she fed the child rice,she fed the child rice,0.0,0.0
P-068_Val_310.wav,The teacher spoke to the class.,The teacher spoke to the class.,the teacher spoke to the class,the teacher spoke to the class,0.0,0.0
P-069_Simple_13b.wav,She (not here) said that the woman is sleeping on the floor.,She (not here) said that the woman is sleeping on the floor.,she not here said that the woman is sleeping on the floor,she not here said that the woman is sleeping on the floor,0.0,0.0
P-069_Simple_18.wav,I will go when my mother comes.,I will go when my mother comes.,i will go when my mother comes,i will go when my mother comes,0.0,0.0
P-069_Simple_2.wav,The monkey is on the tree.,The monkey is on the tree.,the monkey is on the tree,the monkey is on the tree,0.0,0.0
P-069_Simple_20.wav,I will play with my brother.,I will play with my brother.,i will play with my brother,i will play with my brother,0.0,0.0
P-069_Simple_27.wav,She (right here) thinks that he (not here) will come tomorrow.,She (right here) thinks that he (not here) will come tomorrow.,she right here thinks that he not here will come tomorrow,she right here thinks that he not here will come tomorrow,0.0,0.0
P-069_Simple_5b.wav,Her (not here) name is Fatima.,Her (not here) name is Fatima.,her not here name is fatima,her not here name is fatima,0.0,0.0
P-069_Simple_7a.wav,She (right here) saw a man.,She (right here) saw a man.,she right here saw a man,she right here saw a man,0.0,0.0
P-072_Adp_407.wav,She is in the room.,She is in the room.,she is in the room,she is in the room,0.0,0.0
P-072_Adp_410.wav,The book is on the chair.,The book is on the chair.,the book is on the chair,the book is on the chair,0.0,0.0
P-072_Adp_412.wav,Put the bag on the table.,Put the bag on the table.,put the bag on the table,put the bag on the table,0.0,0.0
P-072_Adp_419.wav,He ran to the house.,He ran to the house.,he ran to the house,he ran to the house,0.0,0.0
P-072_Adp_433.wav,The store is across the road.,The store is across the road.,the store is across the road,the store is across the road,0.0,0.0
P-072_Adp_434.wav,The teacher stood in front of the class.,The teacher stood in front of the class.,the teacher stood in front of the class,the teacher stood in front of the class,0.0,0.0
P-072_Case_32.wav,She (right here) hit the bear.,She (right here) hit the bear.,she right here hit the bear,she right here hit the bear,0.0,0.0
P-072_Case_36.wav,They (not here) love us.,They (not here) love us.,they not here love us,they not here love us,0.0,0.0
P-072_Case_37.wav,Yesterday they (not here) caught the thief.,Yesterday they (not here) caught the thief.,yesterday they not here caught the thief,yesterday they not here caught the thief,0.0,0.0
P-072_Case_41.wav,He is working only for his family.,He is working only for his family.,he is working only for his family,he is working only for his family,0.0,0.0
P-072_Case_43.wav,She gave bread to the child.,She gave bread to the child.,she gave bread to the child,she gave bread to the child,0.0,0.0
P-072_Case_50.wav,We washed the clothes with soap.,We washed the clothes with soap.,we washed the clothes with soap,we washed the clothes with soap,0.0,0.0
P-072_Cau_321.wav,Aqsa made him food.,Aqsa made him food.,aqsa made him food,aqsa made him food,0.0,0.0
P-072_Cau_326.wav,I am unable to walk.,I am unable to walk.,i am unable to walk,i am unable to walk,0.0,0.0
P-072_Cau_338.wav,She made them tell the truth.,She made them tell the truth.,she made them tell the truth,she made them tell the truth,0.0,0.0
P-072_Cls_185.wav,People have gathered here.,They have gathered here.,people have gathered here,they have gathered here,25.0,24.0
P-072_Cls_192.wav,Give me a small banana.,Give me a small banana.,give me a small banana,give me a small banana,0.0,0.0
P-072_Cls_193.wav,I came by boat.,I came by boat.,i came by boat,i came by boat,0.0,0.0
P-072_ECV_157.wav,She broke the engagement.,She broke the engagement.,she broke the engagement,she broke the engagement,0.0,0.0
P-072_ECV_174.wav,They shouted and clapped.,They shouted and clapped.,they shouted and clapped,they shouted and clapped,0.0,0.0
P-072_ECV_178.wav,We came to help you.,We came to help you.,we came to help you,we came to help you,0.0,0.0
P-072_Imp_471.wav,Look at me.,Look at me.,look at me,look at me,0.0,0.0
P-072_Imp_473.wav,Write your name.,Write your name.,write your name,write your name,0.0,0.0
P-072_Imp_482.wav,Do not touch that.,Do not touch that.,do not touch that,do not touch that,0.0,0.0
P-072_Imp_493.wav,Let them come inside.,Let them come inside.,let them come inside,let them come inside,0.0,0.0
P-072_Imp_500.wav,Bring me your notes tomorrow.,Bring me your notes tomorrow.,bring me your notes tomorrow,bring me your notes tomorrow,0.0,0.0
P-072_Int_215.wav,Where are you going?,Where are you going?,where are you going,where are you going,0.0,0.0
P-072_Int_226.wav,Do you know her?,Do you know her?,do you know her,do you know her,0.0,0.0
P-072_Int_229.wav,Why didn’t you come yesterday?,Why didn’t you come yesterday?,why didn’t you come yesterday,why didn’t you come yesterday,0.0,0.0
P-072_Int_236.wav,Can she speak English?,Can she speak English?,can she speak english,can she speak english,0.0,0.0
P-072_Int_242.wav,Will you walk with me?,Will you walk with me?,will you walk with me,will you walk with me,0.0,0.0
P-072_Int_243.wav,What do you want to buy?,What do you want to buy?,what do you want to buy,what do you want to buy,0.0,0.0
P-072_Int_353.wav,Do you trust him?,Do you trust him?,do you trust him,do you trust him,0.0,0.0
P-072_Int_355.wav,Did it rain last night?,Did it rain last night?,did it rain last night,did it rain last night,0.0,0.0
P-072_Int_356.wav,What did he break?,He did not eat anything.,what did he break,he did not eat anything,100.0,100.0
P-072_Int_360.wav,Who gave you money?,Who gave you money?,who gave you money,who gave you money,0.0,0.0
P-072_Int_364.wav,Where did he put the books?,Where did he put the books?,where did he put the books,where did he put the books,0.0,0.0
P-072_Int_369.wav,Should we go now?,Should we go now?,should we go now,should we go now,0.0,0.0
P-072_Int_375.wav,Where did he go?,Where did he go?,where did he go,where did he go,0.0,0.0
P-072_Neg_103.wav,I had not eaten yet.,I had not eaten yet.,i had not eaten yet,i had not eaten yet,0.0,0.0
P-072_Neg_104.wav,He left without informing anyone.,He left without informing anyone.,he left without informing anyone,he left without informing anyone,0.0,0.0
P-072_Neg_109.wav,I have no money.,I have no money.,i have no money,i have no money,0.0,0.0
P-072_Neg_116.wav,Nothing can be done about his illness.,Nothing can be done about his illness.,nothing can be done about his illness,nothing can be done about his illness,0.0,0.0
P-072_Neg_117.wav,Nobody saw me.,I saw nothing.,nobody saw me,i saw nothing,66.67,100.0
P-072_Neg_119.wav,Not even my sister believed me.,Not even my sister believed me.,not even my sister believed me,not even my sister believed me,0.0,0.0
P-072_Neg_121.wav,Not everyone passed.,Not everyone passed.,not everyone passed,not everyone passed,0.0,0.0
P-072_Neg_122.wav,The bird is no longer on the tree.,The bird is no longer on the tree.,the bird is no longer on the tree,the bird is no longer on the tree,0.0,0.0
P-072_Neg_94c.wav,She (right here) is not a teacher.,She (right here) is not a teacher.,she right here is not a teacher,she right here is not a teacher,0.0,0.0
P-072_Neg_95.wav,There is no water in the river.,There is no water in the river.,there is no water in the river,there is no water in the river,0.0,0.0
P-072_Neg_99.wav,You must not move now.,You must not move now.,you must not move now,you must not move now,0.0,0.0
P-072_Pas_439.wav,The food was cooked by her.,The food was cooked by her.,the food was cooked by her,the food was cooked by her,0.0,0.0
P-072_Pas_451.wav,The tree was cut down by the men.,The tree was cut down by the men.,the tree was cut down by the men,the tree was cut down by the men,0.0,0.0
P-072_Pas_453.wav,Many people were helped.,Many people were helped.,many people were helped,many people were helped,0.0,0.0
P-072_Pas_455.wav,The baby was carried.,The baby was carried.,the baby was carried,the baby was carried,0.0,0.0
P-072_Pas_465.wav,The story was told by the teacher.,The story was told by the teacher.,the story was told by the teacher,the story was told by the teacher,0.0,0.0
P-072_Pos_384.wav,They have no money.,They have no money.,they have no money,they have no money,0.0,0.0
P-072_Pos_391.wav,She has good ideas.,She has good ideas.,she has good ideas,she has good ideas,0.0,0.0
P-072_Pos_393.wav,The house has a small garden.,The house has a small garden.,the house has a small garden,the house has a small garden,0.0,0.0
P-072_Pos_394.wav,The bag has five pockets.,The bag has five pockets.,the bag has five pockets,the bag has five pockets,0.0,0.0
P-072_Pos_395.wav,The tree has long branches.,The tree has long branches.,the tree has long branches,the tree has long branches,0.0,0.0
P-072_Pos_405.wav,They have everything they need.,They have everything they need.,they have everything they need,they have everything they need,0.0,0.0
P-072_Pro_260.wav,He brought food for them.,He brought food for them.,he brought food for them,he brought food for them,0.0,0.0
P-072_Pro_262.wav,They came from him.,They came from him.,they came from him,they came from him,0.0,0.0
P-072_Pro_265.wav,That is a big tree.,That is a big tree.,that is a big tree,that is a big tree,0.0,0.0
P-072_Pro_273.wav,The school is far from here.,The school is far from here.,the school is far from here,the school is far from here,0.0,0.0
P-072_Pro_276.wav,I will start now.,I will start now.,i will start now,i will start now,0.0,0.0
P-072_Ref_128.wav,Nobody loved her.,Nobody loved her.,nobody loved her,nobody loved her,0.0,0.0
P-072_Ref_134.wav,They follow each other.,They follow each other.,they follow each other,they follow each other,0.0,0.0
P-072_Ref_136.wav,He hurt himself while running.,He hurt himself while running.,he hurt himself while running,he hurt himself while running,0.0,0.0
P-072_Ref_139.wav,The cat cleaned itself.,The cat cleaned itself.,the cat cleaned itself,the cat cleaned itself,0.0,0.0
P-072_Ref_140.wav,She taught herself to read.,She taught herself to read.,she taught herself to read,she taught herself to read,0.0,0.0
P-072_Ref_141.wav,He blamed himself for the mistake.,He blamed himself for the mistake.,he blamed himself for the mistake,he blamed himself for the mistake,0.0,0.0
P-072_Ref_143.wav,The machine stopped by itself.,The machine stopped by itself.,the machine stopped by itself,the machine stopped by itself,0.0,0.0
P-072_Ref_147.wav,She protected herself from the cold.,She protected herself from the cold.,she protected herself from the cold,she protected herself from the cold,0.0,0.0
P-072_Simple_12b.wav,He (not here) saw that they are playing with a stone.,He (not here) saw that they are playing with a stone.,he not here saw that they are playing with a stone,he not here saw that they are playing with a stone,0.0,0.0
P-072_Simple_20.wav,I will play with my brother.,I will play with my brother.,i will play with my brother,i will play with my brother,0.0,0.0
P-072_Simple_24.wav,We stayed inside because it was cold.,We stayed inside because it was cold.,we stayed inside because it was cold,we stayed inside because it was cold,0.0,0.0
P-072_Simple_30.wav,I will call you if I need help.,I will call you if I need help.,i will call you if i need help,i will call you if i need help,0.0,0.0
P-072_Simple_4.wav,I am Ali.,I am Ali.,i am ali,i am ali,0.0,0.0
P-072_Simple_7a.wav,She (right here) saw a man.,She (right here) saw a man.,she right here saw a man,she right here saw a man,0.0,0.0
P-072_TAM_69.wav,I will go to Karachi on Sunday.,I will go to Karachi on Sunday.,i will go to karachi on sunday,i will go to karachi on sunday,0.0,0.0
P-072_TAM_70.wav,I will not walk to school.,I will not walk to school.,i will not walk to school,i will not walk to school,0.0,0.0
P-072_TAM_75.wav,You walk to school daily.,You walk to school daily.,you walk to school daily,you walk to school daily,0.0,0.0
P-072_TAM_79.wav,She will walk home after sunset.,She will walk home after sunset.,she will walk home after sunset,she will walk home after sunset,0.0,0.0
P-072_TAM_89.wav,He (not here) will have walked by the time we start.,He (not here) will have walked by the time we start.,he not here will have walked by the time we start,he not here will have walked by the time we start,0.0,0.0
P-072_Val_281.wav,The door opened.,The door opened.,the door opened,the door opened,0.0,0.0
P-072_Val_282.wav,He opened the door.,He opened the door.,he opened the door,he opened the door,0.0,0.0
P-072_Val_290.wav,They turned off the light.,They turned off the light.,they turned off the light,they turned off the light,0.0,0.0
P-072_Val_296.wav,The man ran.,The man ran.,the man ran,the man ran,0.0,0.0
P-072_Val_301.wav,The fire burned.,The fire burned.,the fire burned,the fire burned,0.0,0.0
P-072_Val_308.wav,He swam in the lake.,He swam in the lake.,he swam in the lake,he swam in the lake,0.0,0.0
P-072_Val_309.wav,The teacher spoke.,The teacher spoke.,the teacher spoke,the teacher spoke,0.0,0.0
P-076_Adp_409.wav,The dog is under the table.,The dog is under the table.,the dog is under the table,the dog is under the table,0.0,0.0
P-076_Adp_411.wav,We are behind the house.,We are behind the house.,we are behind the house,we are behind the house,0.0,0.0
P-076_Adp_414.wav,The children are inside the school.,The children are inside the school.,the children are inside the school,the children are inside the school,0.0,0.0
P-076_Adp_417.wav,They are sitting beside me.,They are sitting beside me.,they are sitting beside me,they are sitting beside me,0.0,0.0
P-076_Adp_420.wav,They went to the market.,They went to the market.,they went to the market,they went to the market,0.0,0.0
P-076_Adp_426.wav,He cut the fruit with a knife.,He cut the fruit with a knife.,he cut the fruit with a knife,he cut the fruit with a knife,0.0,0.0
P-076_Adp_427.wav,She swept the floor with a broom.,She swept the floor with a broom.,she swept the floor with a broom,she swept the floor with a broom,0.0,0.0
P-076_Case_40.wav,Father bought a toy for his son.,Father bought a toy for his son.,father bought a toy for his son,father bought a toy for his son,0.0,0.0
P-076_Case_47.wav,We are at home.,We are at home.,we are at home,we are at home,0.0,0.0
P-076_Case_56.wav,I shall go to the north tomorrow.,I shall go to the north tomorrow.,i shall go to the north tomorrow,i shall go to the north tomorrow,0.0,0.0
P-076_Case_58.wav,Ali went with Ahmed.,Ali went with Ahmed.,ali went with ahmed,ali went with ahmed,0.0,0.0
P-076_Case_62.wav,He cut the meat with a knife.,He cut the meat with a knife.,he cut the meat with a knife,he cut the meat with a knife,0.0,0.0
P-076_Case_63.wav,The children came from the river.,The children came from the river.,the children came from the river,the children came from the river,0.0,0.0
P-076_Cau_315.wav,The nurse fed the baby.,The nurse fed the baby.,the nurse fed the baby,the nurse fed the baby,0.0,0.0
P-076_Cau_320.wav,I made him break the glass.,I made him break the glass.,i made him break the glass,i made him break the glass,0.0,0.0
P-076_Cau_325.wav,The chair was broken by the children.,The chair was broken by the children.,the chair was broken by the children,the chair was broken by the children,0.0,0.0
P-076_Cau_329.wav,She made him wash the dishes.,She made him wash the dishes.,she made him wash the dishes,she made him wash the dishes,0.0,0.0
P-076_Cau_330.wav,The parents made the boy study.,The parents made the boy study.,the parents made the boy study,the parents made the boy study,0.0,0.0
P-076_Cau_335.wav,The loud noise made the birds fly away.,The loud noise made the birds fly away.,the loud noise made the birds fly away,the loud noise made the birds fly away,0.0,0.0
P-076_Cau_344.wav,The teacher made them read the story again.,The teacher made them read the story again.,the teacher made them read the story again,the teacher made them read the story again,0.0,0.0
P-076_Cls_192.wav,Give me a small banana.,Give me a small banana.,give me a small banana,give me a small banana,0.0,0.0
P-076_Cls_198.wav,Go and buy some ripe fruits.,Go and buy some ripe fruits.,go and buy some ripe fruits,go and buy some ripe fruits,0.0,0.0
P-076_Cls_202.wav,Give me one apple.,Give me one apple.,give me one apple,give me one apple,0.0,0.0
P-076_Cls_210.wav,They carried ten bags of rice.,They carried ten bags of rice.,they carried ten bags of rice,they carried ten bags of rice,0.0,0.0
P-076_ECV_155.wav,He broke the car.,He broke the car.,he broke the car,he broke the car,0.0,0.0
P-076_ECV_156.wav,He died.,The fire burned.,he died,the fire burned,150.0,128.57
P-076_ECV_158.wav,She ran to the terrace.,She ran to the terrace.,she ran to the terrace,she ran to the terrace,0.0,0.0
P-076_ECV_160.wav,He cleaned up the room.,He cleaned up the room.,he cleaned up the room,he cleaned up the room,0.0,0.0
P-076_ECV_163.wav,Go and see.,Go and see.,go and see,go and see,0.0,0.0
P-076_ECV_165.wav,Sleep after eating.,Sleep after eating.,sleep after eating,sleep after eating,0.0,0.0
P-076_ECV_173.wav,She cooked food and served the children.,She cooked food and served the children.,she cooked food and served the children,she cooked food and served the children,0.0,0.0
P-076_ECV_177.wav,She went to the market to buy vegetables.,She went to the market to buy vegetables.,she went to the market to buy vegetables,she went to the market to buy vegetables,0.0,0.0
P-076_ECV_181.wav,The bird flew away and disappeared.,The bird flew away and disappeared.,the bird flew away and disappeared,the bird flew away and disappeared,0.0,0.0
P-076_Imp_473.wav,Write your name.,Write your name.,write your name,write your name,0.0,0.0
P-076_Imp_479.wav,Wait here.,Wait here.,wait here,wait here,0.0,0.0
P-076_Imp_489.wav,Eat and sleep.,Eat and sleep.,eat and sleep,eat and sleep,0.0,0.0
P-076_Imp_492.wav,Please help the children.,Please help the children.,please help the children,please help the children,0.0,0.0
P-076_Imp_499.wav,Keep the door open.,Keep the door open.,keep the door open,keep the door open,0.0,0.0
P-076_Imp_500.wav,Bring me your notes tomorrow.,Bring me your notes tomorrow.,bring me your notes tomorrow,bring me your notes tomorrow,0.0,0.0
P-076_Int_228.wav,How many people are here?,How many people are here?,how many people are here,how many people are here,0.0,0.0
P-076_Int_239.wav,Why are they shouting?,Why are they shouting?,why are they shouting,why are they shouting,0.0,0.0
P-076_Int_240.wav,When did you see him?,When did you see him?,when did you see him,when did you see him,0.0,0.0
P-076_Int_243.wav,What do you want to buy?,What do you want to buy?,what do you want to buy,what do you want to buy,0.0,0.0
P-076_Int_347.wav,Who came yesterday?,Who came yesterday?,who came yesterday,who came yesterday,0.0,0.0
P-076_Int_352.wav,Will she stay here?,Will she stay here?,will she stay here,will she stay here,0.0,0.0
P-076_Int_354.wav,Are you feeling better now?,Are you feeling better now?,are you feeling better now,are you feeling better now,0.0,0.0
P-076_Int_355.wav,Did it rain last night?,Did it rain last night?,did it rain last night,did it rain last night,0.0,0.0
P-076_Int_363.wav,Who are you going with?,Who are you going with?,who are you going with,who are you going with,0.0,0.0
P-076_Int_365.wav,Do you have a headache?,Do you have a headache?,do you have a headache,do you have a headache,0.0,0.0
P-076_Int_368.wav,Can she read this?,Can she read this?,can she read this,can she read this,0.0,0.0
P-076_Int_370.wav,May I open the door?,May I open the door?,may i open the door,may i open the door,0.0,0.0
P-076_Neg_101.wav,They have finished their job.,They have finished their job.,they have finished their job,they have finished their job,0.0,0.0
P-076_Neg_102.wav,I have not eaten.,I have not eaten.,i have not eaten,i have not eaten,0.0,0.0
P-076_Neg_106.wav,I am not hungry.,I am not hungry.,i am not hungry,i am not hungry,0.0,0.0
P-076_Neg_108.wav,Do not enter.,Do not enter.,do not enter,do not enter,0.0,0.0
P-076_Neg_112.wav,I don’t think he will come.,I don’t think he will come.,i don’t think he will come,i don’t think he will come,0.0,0.0
P-076_Neg_121.wav,Not everyone passed.,Not everyone passed.,not everyone passed,not everyone passed,0.0,0.0
P-076_Neg_94a.wav,He (right here) is not a teacher.,He (right here) is not a teacher.,he right here is not a teacher,he right here is not a teacher,0.0,0.0
P-076_Pas_437.wav,The door was opened by the boy.,The door was opened by the boy.,the door was opened by the boy,the door was opened by the boy,0.0,0.0
P-076_Pas_451.wav,The tree was cut down by the men.,The tree was cut down by the men.,the tree was cut down by the men,the tree was cut down by the men,0.0,0.0
P-076_Pas_459.wav,The gifts were given to the children.,The gifts were given to the children.,the gifts were given to the children,the gifts were given to the children,0.0,0.0
P-076_Pos_378.wav,They have a car.,They have a car.,they have a car,they have a car,0.0,0.0
P-076_Pos_382.wav,He has two brothers.,He has two brothers.,he has two brothers,he has two brothers,0.0,0.0
P-076_Pos_385.wav,I have some time today.,I have some time today.,i have some time today,i have some time today,0.0,0.0
P-076_Pos_394.wav,The bag has five pockets.,The bag has five pockets.,the bag has five pockets,the bag has five pockets,0.0,0.0
P-076_Pos_395.wav,The tree has long branches.,The tree has long branches.,the tree has long branches,the tree has long branches,0.0,0.0
P-076_Pos_397.wav,Their shop has fresh bread.,Their shop has fresh bread.,their shop has fresh bread,their shop has fresh bread,0.0,0.0
P-076_Pos_399.wav,The classroom has big windows.,The classroom has big windows.,the classroom has big windows,the classroom has big windows,0.0,0.0
P-076_Pos_400.wav,The city has many parks.,The city has many parks.,the city has many parks,the city has many parks,0.0,0.0
P-076_Pos_403.wav,The farmer has two cows.,The farmer has two cows.,the farmer has two cows,the farmer has two cows,0.0,0.0
P-076_Pro_244.wav,I am tired.,I am tired.,i am tired,i am tired,0.0,0.0
P-076_Pro_246.wav,She is sleeping.,She is sleeping.,she is sleeping,she is sleeping,0.0,0.0
P-076_Pro_252.wav,They called you yesterday.,They called you yesterday.,they called you yesterday,they called you yesterday,0.0,0.0
P-076_Pro_256.wav,Their car is new.,Their car is new.,their car is new,their car is new,0.0,0.0
P-076_Pro_264.wav,This is my bag.,This is my bag.,this is my bag,this is my bag,0.0,0.0
P-076_Pro_267.wav,Those are his shoes.,Those are his shoes.,those are his shoes,those are his shoes,0.0,0.0
P-076_Pro_269.wav,Go there.,Go there.,go there,go there,0.0,0.0
P-076_Pro_274.wav,He came yesterday.,He came yesterday.,he came yesterday,he came yesterday,0.0,0.0
P-076_Pro_275.wav,She will go tomorrow.,She will go tomorrow.,she will go tomorrow,she will go tomorrow,0.0,0.0
P-076_Pro_276.wav,I will start now.,I will start now.,i will start now,i will start now,0.0,0.0
P-076_Ref_135.wav,She spoke to herself quietly.,She spoke to herself quietly.,she spoke to herself quietly,she spoke to herself quietly,0.0,0.0
P-076_Ref_139.wav,The cat cleaned itself.,The cat cleaned itself.,the cat cleaned itself,the cat cleaned itself,0.0,0.0
P-076_Ref_142.wav,They prepared themselves for the exam.,They prepared themselves for the exam.,they prepared themselves for the exam,they prepared themselves for the exam,0.0,0.0
P-076_Ref_144.wav,He closed the door by himself.,He closed the door by himself.,he closed the door by himself,he closed the door by himself,0.0,0.0
P-076_Ref_145.wav,We cooked dinner by ourselves.,We cooked dinner by ourselves.,we cooked dinner by ourselves,we cooked dinner by ourselves,0.0,0.0
P-076_Ref_146.wav,The children dressed themselves.,The children dressed themselves.,the children dressed themselves,the children dressed themselves,0.0,0.0
P-076_Ref_153.wav,They hugged each other and cried.,They hugged each other and cried.,they hugged each other and cried,they hugged each other and cried,0.0,0.0
P-076_Simple_11.wav,We cooked rice in the morning.,We cooked rice in the morning.,we cooked rice in the morning,we cooked rice in the morning,0.0,0.0
P-076_Simple_12b.wav,He (not here) saw that they are playing with a stone.,He (right here) saw that they are playing with a stone.,he not here saw that they are playing with a stone,he right here saw that they are playing with a stone,9.09,8.0
P-076_Simple_15.wav,I know that tomorrow is a holiday.,I know that tomorrow is a holiday.,i know that tomorrow is a holiday,i know that tomorrow is a holiday,0.0,0.0
P-076_Simple_18.wav,I will go when my mother comes.,I will go when my mother comes.,i will go when my mother comes,i will go when my mother comes,0.0,0.0
P-076_Simple_27.wav,She (right here) thinks that he (not here) will come tomorrow.,She (right here) thinks that he (not here) will come tomorrow.,she right here thinks that he not here will come tomorrow,she right here thinks that he not here will come tomorrow,0.0,0.0
P-076_Simple_28.wav,We waited until the bus arrived.,We waited until the bus arrived.,we waited until the bus arrived,we waited until the bus arrived,0.0,0.0
P-076_Simple_29.wav,"Although it was late, they (not here) kept working.","Although it was late, they (not here) kept working.",although it was late they not here kept working,although it was late they not here kept working,0.0,0.0
P-076_Simple_4.wav,I am Ali.,I am Ali.,i am ali,i am ali,0.0,0.0
P-076_Simple_5b.wav,Her (not here) name is Fatima.,Her (not here) name is Fatima.,her not here name is fatima,her not here name is fatima,0.0,0.0
P-076_Simple_6.wav,I have a headache.,I have a headache.,i have a headache,i have a headache,0.0,0.0
P-076_Simple_7b.wav,She (not here) saw a man.,She (not here) saw a man.,she not here saw a man,she not here saw a man,0.0,0.0
P-076_TAM_65.wav,I am walking to field now.,I am walking to field now.,i am walking to field now,i am walking to field now,0.0,0.0
P-076_TAM_67.wav,I fell down when she pushed me.,I fell down when she pushed me.,i fell down when she pushed me,i fell down when she pushed me,0.0,0.0
P-076_TAM_72b.wav,We are headed to the market now.,We are headed to the market now.,we are headed to the market now,we are headed to the market now,0.0,0.0
P-076_TAM_73.wav,We walk to school daily.,We walk to school daily.,we walk to school daily,we walk to school daily,0.0,0.0
P-076_TAM_77.wav,She goes to the market daily.,She goes to the market daily.,she goes to the market daily,she goes to the market daily,0.0,0.0
P-076_TAM_80.wav,They are not walking today.,They are not walking today.,they are not walking today,they are not walking today,0.0,0.0
P-076_TAM_82.wav,I might walk there later.,I might walk there later.,i might walk there later,i might walk there later,0.0,0.0
P-076_TAM_85.wav,I was not walking when you called me.,I was not walking when you called me.,i was not walking when you called me,i was not walking when you called me,0.0,0.0
P-076_TAM_86.wav,We used to walk together every evening.,We used to walk together every evening.,we used to walk together every evening,we used to walk together every evening,0.0,0.0
P-076_TAM_90.wav,"I want to walk, but I am tired.","I want to walk, but I am tired.",i want to walk but i am tired,i want to walk but i am tired,0.0,0.0
P-076_Val_285.wav,The pot broke.,The pot broke.,the pot broke,the pot broke,0.0,0.0
P-076_Val_292.wav,The boy fell.,The boy fell.,the boy fell,the boy fell,0.0,0.0
P-076_Val_305.wav,She ate rice.,She ate rice.,she ate rice,she ate rice,0.0,0.0
P-076_Val_311.wav,The window opened by itself.,The window opened by itself.,the window opened by itself,the window opened by itself,0.0,0.0
P-082_Adp_407.wav,She is in the room.,She is in the room.,she is in the room,she is in the room,0.0,0.0
P-082_Adp_416.wav,He is standing outside the gate.,"He stood up, picked the bag, and left.",he is standing outside the gate,he stood up picked the bag and left,100.0,74.19
P-082_Adp_433.wav,The store is across the road.,The store is across the road.,the store is across the road,the store is across the road,0.0,0.0
P-082_Adp_435.wav,He put the cup on top of the shelf.,He put the cup on top of the shelf.,he put the cup on top of the shelf,he put the cup on top of the shelf,0.0,0.0
P-082_Case_35.wav,Ayesha loves her.,Ayesha loves her.,ayesha loves her,ayesha loves her,0.0,0.0
P-082_Case_36.wav,They (not here) love us.,We love them.,they not here love us,we love them,80.0,71.43
P-082_Case_40.wav,Father bought a toy for his son.,Father bought a toy for his son.,father bought a toy for his son,father bought a toy for his son,0.0,0.0
P-082_Case_41.wav,He is working only for his family.,He is working only for his family.,he is working only for his family,he is working only for his family,0.0,0.0
P-082_Case_45.wav,She wrote with a pen.,She wrote with a pen.,she wrote with a pen,she wrote with a pen,0.0,0.0
P-082_Case_47.wav,We are at home.,We are at home.,we are at home,we are at home,0.0,0.0
P-082_Case_52.wav,Fatima lives in Pakistan.,Fatima lives in Pakistan.,fatima lives in pakistan,fatima lives in pakistan,0.0,0.0
P-082_Case_54.wav,He will go to Hunza tomorrow.,He will go to Hunza tomorrow.,he will go to hunza tomorrow,he will go to hunza tomorrow,0.0,0.0
P-082_Case_57.wav,Last year it had rained in October.,Last year it had rained in October.,last year it had rained in october,last year it had rained in october,0.0,0.0
P-082_Case_58.wav,Ali went with Ahmed.,Ali went with Ahmed.,ali went with ahmed,ali went with ahmed,0.0,0.0
P-082_Case_59.wav,I will play with my brother.,I will play with my brother.,i will play with my brother,i will play with my brother,0.0,0.0
P-082_Case_64.wav,She cooked food for her brother.,She cooked food for her brother.,she cooked food for her brother,she cooked food for her brother,0.0,0.0
P-082_Cau_317.wav,I made the girl clean the room.,I made the girl clean the room.,i made the girl clean the room,i made the girl clean the room,0.0,0.0
P-082_Cau_321.wav,Aqsa made him food.,Aqsa made him food.,aqsa made him food,aqsa made him food,0.0,0.0
P-082_Cau_327.wav,He made the child sit quietly.,He made the child sit quietly.,he made the child sit quietly,he made the child sit quietly,0.0,0.0
P-082_Cau_333.wav,The rain made the road muddy.,The rain made the road muddy.,the rain made the road muddy,the rain made the road muddy,0.0,0.0
P-082_Cau_334.wav,The cold weather made him sick.,The cold weather made him sick.,the cold weather made him sick,the cold weather made him sick,0.0,0.0
P-082_Cau_340.wav,They made her clean the house.,They made her clean the house.,they made her clean the house,they made her clean the house,0.0,0.0
P-082_Cau_341.wav,The heat made the ice melt.,The heat made the ice melt.,the heat made the ice melt,the heat made the ice melt,0.0,0.0
P-082_Cau_342.wav,The smell made me feel sick.,The smell made me feel sick.,the smell made me feel sick,the smell made me feel sick,0.0,0.0
P-082_Cls_203.wav,I have five cars.,I have five cars.,i have five cars,i have five cars,0.0,0.0
P-082_Cls_205.wav,She ate four oranges.,She ate four oranges.,she ate four oranges,she ate four oranges,0.0,0.0
P-082_Cls_207.wav,He bought three pieces of cloth.,He bought three pieces of cloth.,he bought three pieces of cloth,he bought three pieces of cloth,0.0,0.0
P-082_Cls_208.wav,We need five sheets of paper.,We need five sheets of paper.,we need five sheets of paper,we need five sheets of paper,0.0,0.0
P-082_Cls_209.wav,She picked six small stones.,She picked six small stones.,she picked six small stones,she picked six small stones,0.0,0.0
P-082_Cls_213.wav,He broke two glass bottles.,He broke two glass bottles.,he broke two glass bottles,he broke two glass bottles,0.0,0.0
P-082_ECV_164.wav,Emaan kicked me and ran away.,Emaan kicked me and ran away.,emaan kicked me and ran away,emaan kicked me and ran away,0.0,0.0
P-082_ECV_165.wav,Sleep after eating.,Eat and sleep.,sleep after eating,eat and sleep,100.0,77.78
P-082_ECV_166.wav,"Having eaten this food, he went to sleep.","Having eaten this food, he went to sleep.",having eaten this food he went to sleep,having eaten this food he went to sleep,0.0,0.0
P-082_ECV_169.wav,"He came, sat, ate and went away.","He came, sat, ate and went away.",he came sat ate and went away,he came sat ate and went away,0.0,0.0
P-082_ECV_175.wav,Wash your hands before eating.,Wash your hands before eating.,wash your hands before eating,wash your hands before eating,0.0,0.0
P-082_ECV_176.wav,"After studying, he played outside.","After studying, he played outside.",after studying he played outside,after studying he played outside,0.0,0.0
P-082_Imp_475.wav,Close the window.,Close the window.,close the window,close the window,0.0,0.0
P-082_Imp_480.wav,Speak slowly.,Speak slowly.,speak slowly,speak slowly,0.0,0.0
P-082_Imp_481.wav,Do not go there.,Do not go there.,do not go there,do not go there,0.0,0.0
P-082_Imp_483.wav,Do not speak loudly.,Do not speak loudly.,do not speak loudly,do not speak loudly,0.0,0.0
P-082_Imp_484.wav,Do not run inside.,Do not run inside.,do not run inside,do not run inside,0.0,0.0
P-082_Imp_486.wav,Go and bring milk.,Go and bring milk.,go and bring milk,go and bring milk,0.0,0.0
P-082_Imp_488.wav,Come and help me.,Come and help me.,come and help me,come and help me,0.0,0.0
P-082_Imp_495.wav,Let her sit here.,Let her sit here.,let her sit here,let her sit here,0.0,0.0
P-082_Int_214.wav,What is your name?,What is your name?,what is your name,what is your name,0.0,0.0
P-082_Int_218.wav,When will you return?,When will you return?,when will you return,when will you return,0.0,0.0
P-082_Int_227.wav,What did she say?,What did she say?,what did she say,what did she say,0.0,0.0
P-082_Int_237.wav,Are you feeling better now?,Are you feeling better now?,are you feeling better now,are you feeling better now,0.0,0.0
P-082_Int_239.wav,Why are they shouting?,Why are they shouting?,why are they shouting,why are they shouting,0.0,0.0
P-082_Int_241.wav,How can I solve this problem?,How can I solve this problem?,how can i solve this problem,how can i solve this problem,0.0,0.0
P-082_Int_242.wav,Will you walk with me?,Will you walk with me?,will you walk with me,will you walk with me,0.0,0.0
P-082_Int_349.wav,Why are you crying?,Why are you crying?,why are you crying,why are you crying,0.0,0.0
P-082_Int_352.wav,Will she stay here?,Will she stay here?,will she stay here,will she stay here,0.0,0.0
P-082_Int_366.wav,Whose child is this?,Whose child is this?,whose child is this,whose child is this,0.0,0.0
P-082_Int_371.wav,Why didn’t you tell me?,Why didn’t you tell me?,why didn’t you tell me,why didn’t you tell me,0.0,0.0
P-082_Int_375.wav,Where did he go?,Where did he go?,where did he go,where did he go,0.0,0.0
P-082_Neg_100.wav,I didn’t eat yesterday.,I didn’t eat yesterday.,i didn’t eat yesterday,i didn’t eat yesterday,0.0,0.0
P-082_Neg_104.wav,He left without informing anyone.,He left without informing anyone.,he left without informing anyone,he left without informing anyone,0.0,0.0
P-082_Neg_108.wav,Do not enter.,Do not enter.,do not enter,do not enter,0.0,0.0
P-082_Neg_114.wav,She did not eat anything yesterday.,You,she did not eat anything yesterday,you,100.0,97.06
P-082_Neg_116.wav,Nothing can be done about his illness.,Nothing can be done about his illness.,nothing can be done about his illness,nothing can be done about his illness,0.0,0.0
P-082_Pas_439.wav,The food was cooked by her.,The food was cooked by her.,the food was cooked by her,the food was cooked by her,0.0,0.0
P-082_Pas_444.wav,The car was repaired yesterday.,The car was repaired yesterday.,the car was repaired yesterday,the car was repaired yesterday,0.0,0.0
P-082_Pas_447.wav,The glass was broken by the child.,The glass was broken by the child.,the glass was broken by the child,the glass was broken by the child,0.0,0.0
P-082_Pas_449.wav,The room will be cleaned soon.,The room will be cleaned soon.,the room will be cleaned soon,the room will be cleaned soon,0.0,0.0
P-082_Pas_450.wav,The work will be finished by tomorrow.,The work will be finished by tomorrow.,the work will be finished by tomorrow,the work will be finished by tomorrow,0.0,0.0
P-082_Pas_451.wav,The tree was cut down by the men.,The tree was cut down by the men.,the tree was cut down by the men,the tree was cut down by the men,0.0,0.0
P-082_Pas_454.wav,The children were fed.,The children were fed.,the children were fed,the children were fed,0.0,0.0
P-082_Pas_456.wav,The books were taken from the shelf.,The books were taken from the shelf.,the books were taken from the shelf,the books were taken from the shelf,0.0,0.0
P-082_Pas_457.wav,The door will be painted tomorrow.,The door will be painted tomorrow.,the door will be painted tomorrow,the door will be painted tomorrow,0.0,0.0
P-082_Pas_460.wav,The meeting was canceled.,The meeting was canceled.,the meeting was canceled,the meeting was canceled,0.0,0.0
P-082_Pos_380.wav,We have three goats.,We have three goats.,we have three goats,we have three goats,0.0,0.0
P-082_Pos_381.wav,She has a daughter.,She has a daughter.,she has a daughter,she has a daughter,0.0,0.0
P-082_Pos_390.wav,They have a plan.,They have a plan.,they have a plan,they have a plan,0.0,0.0
P-082_Pos_396.wav,Our village has a small clinic.,Our village has a small clinic.,our village has a small clinic,our village has a small clinic,0.0,0.0
P-082_Pos_399.wav,The classroom has big windows.,The classroom has big windows.,the classroom has big windows,the classroom has big windows,0.0,0.0
P-082_Pos_405.wav,They have everything they need.,They have everything they need.,they have everything they need,they have everything they need,0.0,0.0
P-082_Pro_254.wav,This is my house.,This is my house.,this is my house,this is my house,0.0,0.0
P-082_Pro_259.wav,She talked about herself.,She talked about herself.,she talked about herself,she talked about herself,0.0,0.0
P-082_Pro_265.wav,That is a big tree.,That is a big tree.,that is a big tree,that is a big tree,0.0,0.0
P-082_Pro_268.wav,Come here.,Come here.,come here,come here,0.0,0.0
P-082_Pro_270.wav,Put it over there.,Put it over there.,put it over there,put it over there,0.0,0.0
P-082_Pro_271.wav,Leave it over there.,Leave it over there.,leave it over there,leave it over there,0.0,0.0
P-082_Pro_276.wav,I will start now.,I will start now.,i will start now,i will start now,0.0,0.0
P-082_Pro_278.wav,They already left.,They already left.,they already left,they already left,0.0,0.0
P-082_Ref_128.wav,Nobody loved her.,Nobody loved her.,nobody loved her,nobody loved her,0.0,0.0
P-082_Ref_129.wav,Who praises himself?,Who praises himself?,who praises himself,who praises himself,0.0,0.0
P-082_Ref_131.wav,The door opened by itself.,The door opened by itself.,the door opened by itself,the door opened by itself,0.0,0.0
P-082_Ref_134.wav,They follow each other.,They follow each other.,they follow each other,they follow each other,0.0,0.0
P-082_Ref_137.wav,They defended themselves in court.,They argued in court.,they defended themselves in court,they argued in court,40.0,51.52
P-082_Ref_139.wav,The cat cleaned itself.,The cat cleaned itself.,the cat cleaned itself,the cat cleaned itself,0.0,0.0
P-082_Ref_140.wav,She taught herself to read.,She taught herself to read.,she taught herself to read,she taught herself to read,0.0,0.0
P-082_Ref_153.wav,They hugged each other and cried.,They hugged each other and cried.,they hugged each other and cried,they hugged each other and cried,0.0,0.0
P-082_Simple_10.wav,Today is Monday.,Today is Monday.,today is monday,today is monday,0.0,0.0
P-082_Simple_18.wav,I will go when my mother comes.,I will go when my mother comes.,i will go when my mother comes,i will go when my mother comes,0.0,0.0
P-082_Simple_20.wav,I will play with my brother.,I will play with my brother.,i will play with my brother,i will play with my brother,0.0,0.0
P-082_Simple_21a.wav,She (right here) wanted to sleep early.,She (right here) wanted to sleep early.,she right here wanted to sleep early,she right here wanted to sleep early,0.0,0.0
P-082_Simple_23b.wav,They (not here) are eating because they are hungry.,They (not here) are eating because they are hungry.,they not here are eating because they are hungry,they not here are eating because they are hungry,0.0,0.0
P-082_Simple_28.wav,We waited until the bus arrived.,We waited until the bus arrived.,we waited until the bus arrived,we waited until the bus arrived,0.0,0.0
P-082_Simple_30.wav,I will call you if I need help.,I will call you if I need help.,i will call you if i need help,i will call you if i need help,0.0,0.0
P-082_Simple_4.wav,I am Ali.,I am Ali.,i am ali,i am ali,0.0,0.0
P-082_Simple_6.wav,I have a headache.,I have a headache.,i have a headache,i have a headache,0.0,0.0
P-082_Simple_7b.wav,She (not here) saw a man.,She (not here) saw a man.,she not here saw a man,she not here saw a man,0.0,0.0
P-082_Simple_9.wav,It is raining.,It is raining.,it is raining,it is raining,0.0,0.0
P-082_TAM_72b.wav,We are headed to the market now.,We are headed to the market now.,we are headed to the market now,we are headed to the market now,0.0,0.0
P-082_TAM_77.wav,She goes to the market daily.,She goes to the market daily.,she goes to the market daily,she goes to the market daily,0.0,0.0
P-082_TAM_79.wav,She will walk home after sunset.,She will walk home after sunset.,she will walk home after sunset,she will walk home after sunset,0.0,0.0
P-082_TAM_82.wav,I might walk there later.,I will walk there later.,i might walk there later,i will walk there later,20.0,16.67
P-082_TAM_86.wav,We used to walk together every evening.,We used to walk together every evening.,we used to walk together every evening,we used to walk together every evening,0.0,0.0
P-082_TAM_89.wav,He (not here) will have walked by the time we start.,He (not here) will have walked by the time we start.,he not here will have walked by the time we start,he not here will have walked by the time we start,0.0,0.0
P-082_Val_281.wav,The door opened.,The door opened.,the door opened,the door opened,0.0,0.0
P-082_Val_289.wav,The light turned off.,The light turned off.,the light turned off,the light turned off,0.0,0.0
P-082_Val_291.wav,The leaves fell.,The leaves fell.,the leaves fell,the leaves fell,0.0,0.0
P-082_Val_300.wav,The noise made the baby cry.,The noise made the baby cry.,the noise made the baby cry,the noise made the baby cry,0.0,0.0
P-082_Val_303.wav,The boy slept.,The boy slept.,the boy slept,the boy slept,0.0,0.0
P-083_Case_32.wav,She (right here) hit the bear.,She (right here) hit the bear.,she right here hit the bear,she right here hit the bear,0.0,0.0
P-083_Case_42.wav,Give ten rupees to each one of them.,Give ten rupees to each one of them.,give ten rupees to each one of them,give ten rupees to each one of them,0.0,0.0
P-083_Case_45.wav,She wrote with a pen.,She wrote with a pen.,she wrote with a pen,she wrote with a pen,0.0,0.0
P-083_Case_47.wav,We are at home.,We are at home.,we are at home,we are at home,0.0,0.0
P-083_Case_48.wav,He wrote the letter with a pen.,He wrote the letter with a pen.,he wrote the letter with a pen,he wrote the letter with a pen,0.0,0.0
P-083_Case_52.wav,Fatima lives in Pakistan.,Fatima lives in Pakistan.,fatima lives in pakistan,fatima lives in pakistan,0.0,0.0
P-083_Case_54.wav,He will go to Hunza tomorrow.,He will go to Hunza tomorrow.,he will go to hunza tomorrow,he will go to hunza tomorrow,0.0,0.0
P-083_Simple_10.wav,Today is Monday.,Today is Monday.,today is monday,today is monday,0.0,0.0
P-083_Simple_18.wav,I will go when my mother comes.,I will go when my mother comes.,i will go when my mother comes,i will go when my mother comes,0.0,0.0
P-083_Simple_2.wav,The monkey is on the tree.,The monkey is on the tree.,the monkey is on the tree,the monkey is on the tree,0.0,0.0
P-083_Simple_3.wav,That house is big.,That house is big.,that house is big,that house is big,0.0,0.0
P-083_Simple_8a.wav,He (right here) met a new teacher at school.,He (right here) met a new teacher at school.,he right here met a new teacher at school,he right here met a new teacher at school,0.0,0.0
P-083_TAM_68.wav,I walk to the field every day.,I walk to the field every day.,i walk to the field every day,i walk to the field every day,0.0,0.0
P-083_TAM_72b.wav,We are headed to the market now.,We are headed to the market now.,we are headed to the market now,we are headed to the market now,0.0,0.0
P-083_TAM_79.wav,She will walk home after sunset.,She will walk home after sunset.,she will walk home after sunset,she will walk home after sunset,0.0,0.0
P-083_TAM_83.wav,You should not walk at night.,You should not walk at night.,you should not walk at night,you should not walk at night,0.0,0.0
P-083_TAM_88.wav,They had walked far before it started raining.,They had walked far before it started raining.,they had walked far before it started raining,they had walked far before it started raining,0.0,0.0
P-085_ECV_165.wav,Sleep after eating.,Sleep after eating.,sleep after eating,sleep after eating,0.0,0.0
P-085_ECV_166.wav,"Having eaten this food, he went to sleep.","Having eaten this food, he went to sleep.",having eaten this food he went to sleep,having eaten this food he went to sleep,0.0,0.0
P-085_ECV_168.wav,Hassan went to swim.,Hassan went to swim.,hassan went to swim,hassan went to swim,0.0,0.0
P-085_ECV_172.wav,"He stood up, picked the bag, and left.","He stood up, picked the bag, and left.",he stood up picked the bag and left,he stood up picked the bag and left,0.0,0.0
P-085_ECV_174.wav,They shouted and clapped.,They shouted and clapped.,they shouted and clapped,they shouted and clapped,0.0,0.0
P-085_Pro_261.wav,She cut it with a knife.,She cut it with a knife.,she cut it with a knife,she cut it with a knife,0.0,0.0
P-085_Pro_278.wav,They already left.,They already left.,they already left,they already left,0.0,0.0
P-085_Pro_279.wav,Tomorrow we will go.,Tomorrow we will go.,tomorrow we will go,tomorrow we will go,0.0,0.0
P-087_Case_31.wav,He (not here) kicked the ball.,He (not here) kicked the ball.,he not here kicked the ball,he not here kicked the ball,0.0,0.0
P-087_Case_36.wav,They (not here) love us.,They (not here) love us.,they not here love us,they not here love us,0.0,0.0
P-087_Case_41.wav,He is working only for his family.,He is working only for his family.,he is working only for his family,he is working only for his family,0.0,0.0
P-087_Case_42.wav,Give ten rupees to each one of them.,Give ten rupees to each one of them.,give ten rupees to each one of them,give ten rupees to each one of them,0.0,0.0
P-087_Case_57.wav,Last year it had rained in October.,Last year it had rained in October.,last year it had rained in october,last year it had rained in october,0.0,0.0
P-087_Case_63.wav,The children came from the river.,The children came from the river.,the children came from the river,the children came from the river,0.0,0.0
P-087_Neg_103.wav,I had not eaten yet.,I had not eaten yet.,i had not eaten yet,i had not eaten yet,0.0,0.0
P-087_Neg_108.wav,Do not enter.,Do not enter.,do not enter,do not enter,0.0,0.0
P-087_Neg_109.wav,I have no money.,I have no money.,i have no money,i have no money,0.0,0.0
P-087_Neg_115.wav,I don’t see her anymore.,I don’t see her anymore.,i don’t see her anymore,i don’t see her anymore,0.0,0.0
P-087_Neg_121.wav,Not everyone passed.,Not everyone passed.,not everyone passed,not everyone passed,0.0,0.0
P-087_Neg_94c.wav,She (right here) is not a teacher.,She (right here) is not a teacher.,she right here is not a teacher,she right here is not a teacher,0.0,0.0
P-087_Neg_96.wav,He cannot sing.,He cannot sing.,he cannot sing,he cannot sing,0.0,0.0
P-087_Ref_126.wav,You cooked rice yourself.,You cooked rice yourself.,you cooked rice yourself,you cooked rice yourself,0.0,0.0
P-087_Ref_127.wav,Maryam bought a dress for herself.,Riyam bought a dress for herself.,maryam bought a dress for herself,riyam bought a dress for herself,16.67,9.09
P-087_Ref_136.wav,He hurt himself while running.,He hurt himself while running.,he hurt himself while running,he hurt himself while running,0.0,0.0
P-087_Ref_137.wav,They defended themselves in court.,They defended themselves in court.,they defended themselves in court,they defended themselves in court,0.0,0.0
P-087_Ref_142.wav,They prepared themselves for the exam.,They prepared themselves for the exam.,they prepared themselves for the exam,they prepared themselves for the exam,0.0,0.0
P-087_Ref_151.wav,The birds called to each other.,The birds called to each other.,the birds called to each other,the birds called to each other,0.0,0.0
P-087_Simple_19.wav,"If it rains a lot, the plants will grow better.","If it rains a lot, the plants will grow better.",if it rains a lot the plants will grow better,if it rains a lot the plants will grow better,0.0,0.0
P-087_Simple_3.wav,That house is big.,That house is big.,that house is big,that house is big,0.0,0.0
P-087_Simple_6.wav,I have a headache.,I have a headache.,i have a headache,i have a headache,0.0,0.0
P-087_Simple_8b.wav,He (not here) met a new teacher at school.,He (not here) met a new teacher at school.,he not here met a new teacher at school,he not here met a new teacher at school,0.0,0.0
P-087_Simple_9.wav,It is raining.,It is raining.,it is raining,it is raining,0.0,0.0
P-087_TAM_67.wav,I fell down when she pushed me.,I fell down when she pushed me.,i fell down when she pushed me,i fell down when she pushed me,0.0,0.0
P-087_TAM_68.wav,I walk to the field every day.,I walk to the field every day.,i walk to the field every day,i walk to the field every day,0.0,0.0
P-087_TAM_76.wav,You walked to town yesterday.,You walked to town yesterday.,you walked to town yesterday,you walked to town yesterday,0.0,0.0
P-087_TAM_83.wav,You should not walk at night.,You should not walk at night.,you should not walk at night,you should not walk at night,0.0,0.0
P-087_TAM_85.wav,I was not walking when you called me.,I was not walking when you called me.,i was not walking when you called me,i was not walking when you called me,0.0,0.0
P-089_Case_34.wav,She loves me.,She loves me.,she loves me,she loves me,0.0,0.0
P-089_Cls_188.wav,This is a wooden door.,This is a wooden door.,this is a wooden door,this is a wooden door,0.0,0.0
P-089_Neg_96.wav,He cannot sing.,He cannot sing.,he cannot sing,he cannot sing,0.0,0.0
P-089_Neg_97.wav,You may not go now.,You may not go now.,you may not go now,you may not go now,0.0,0.0
P-089_Neg_99.wav,You must not move now.,You must not move now.,you must not move now,you must not move now,0.0,0.0
P-089_Simple_10.wav,Today is Monday.,Today is Monday.,today is monday,today is monday,0.0,0.0
P-089_Simple_4.wav,I am Ali.,I am Ali.,i am ali,i am ali,0.0,0.0
P-089_Simple_7a.wav,She (right here) saw a man.,She (right here) saw a man.,she right here saw a man,she right here saw a man,0.0,0.0
P-089_Simple_8a.wav,He (right here) met a new teacher at school.,He (right here) met a new teacher at school.,he right here met a new teacher at school,he right here met a new teacher at school,0.0,0.0
P-091_Case_31.wav,He (not here) kicked the ball.,He (not here) kicked the ball.,he not here kicked the ball,he not here kicked the ball,0.0,0.0
P-091_Case_35.wav,Ayesha loves her.,Ayesha loves her.,ayesha loves her,ayesha loves her,0.0,0.0
P-091_Case_40.wav,Father bought a toy for his son.,Father bought a toy for his son.,father bought a toy for his son,father bought a toy for his son,0.0,0.0
P-091_Case_43.wav,She gave bread to the child.,She gave bread to the child.,she gave bread to the child,she gave bread to the child,0.0,0.0
P-091_Case_53.wav,Leaves are falling down from the tree.,The tree is being cut down by the clouds.,leaves are falling down from the tree,the tree is being cut down by the clouds,100.0,70.27
P-091_Case_57.wav,Last year it had rained in October.,Last year it had rained in October.,last year it had rained in october,last year it had rained in october,0.0,0.0
P-091_Case_60.wav,He came with his friend.,He came with his friend.,he came with his friend,he came with his friend,0.0,0.0
P-091_Case_63.wav,The children came from the river.,The children came from the river.,the children came from the river,the children came from the river,0.0,0.0
P-091_Neg_100.wav,I didn’t eat yesterday.,I didn’t eat yesterday.,i didn’t eat yesterday,i didn’t eat yesterday,0.0,0.0
P-091_Neg_95.wav,There is no water in the river.,There is no water in the river.,there is no water in the river,there is no water in the river,0.0,0.0
P-091_Pas_438.wav,The food was cooked.,The food was cooked.,the food was cooked,the food was cooked,0.0,0.0
P-091_Pas_441.wav,The house was built by them.,They have a house.,the house was built by them,they have a house,100.0,66.67
P-091_Pas_446.wav,The glass was broken.,The glass was broken.,the glass was broken,the glass was broken,0.0,0.0
P-091_Simple_10.wav,Today is Monday.,Today is Monday.,today is monday,today is monday,0.0,0.0
P-091_Simple_13a.wav,She (right here) said that the woman is sleeping on the floor.,She (right here) thinks that the woman will get married soon.,she right here said that the woman is sleeping on the floor,she right here thinks that the woman will get married soon,50.0,40.68
P-091_Simple_13b.wav,She (not here) said that the woman is sleeping on the floor.,She (not here) said that the woman is sleeping on the floor.,she not here said that the woman is sleeping on the floor,she not here said that the woman is sleeping on the floor,0.0,0.0
P-091_Simple_25.wav,He (right here) will study after he reaches home.,He (right here) will go home later.,he right here will study after he reaches home,he right here will go home later,55.56,47.83
P-091_Simple_5a.wav,Her (right here) name is Fatima.,Her (right here) name is Fatima.,her right here name is fatima,her right here name is fatima,0.0,0.0
P-091_Simple_8a.wav,He (right here) met a new teacher at school.,He (right here) met a new teacher at school.,he right here met a new teacher at school,he right here met a new teacher at school,0.0,0.0
P-091_TAM_66.wav,I was walking.,I was walking.,i was walking,i was walking,0.0,0.0
P-091_TAM_74.wav,We could walk anywhere.,We are walking anywhere now.,we could walk anywhere,we are walking anywhere now,75.0,54.55
P-091_TAM_75.wav,You walk to school daily.,You walk to school daily.,you walk to school daily,you walk to school daily,0.0,0.0
P-091_TAM_76.wav,You walked to town yesterday.,You walked to town yesterday.,you walked to town yesterday,you walked to town yesterday,0.0,0.0
P-091_TAM_77.wav,She goes to the market daily.,She goes to the market daily.,she goes to the market daily,she goes to the market daily,0.0,0.0
P-091_TAM_83.wav,You should not walk at night.,You should not walk at night.,you should not walk at night,you should not walk at night,0.0,0.0
P-091_TAM_84.wav,We will be walking when you arrive.,We will be walking when you arrive.,we will be walking when you arrive,we will be walking when you arrive,0.0,0.0
P-097_Case_39.wav,Ahmed gave a flower to his wife.,Ahmed gave a flower to his wife.,ahmed gave a flower to his wife,ahmed gave a flower to his wife,0.0,0.0
P-097_Case_40.wav,Father bought a toy for his son.,Father bought a toy for his son.,father bought a toy for his son,father bought a toy for his son,0.0,0.0
P-097_Case_43.wav,She gave bread to the child.,She gave bread to the child.,she gave bread to the child,she gave bread to the child,0.0,0.0
P-097_Case_44.wav,He cut the tree with an axe.,He cut the tree with an axe.,he cut the tree with an axe,he cut the tree with an axe,0.0,0.0
P-097_Case_45.wav,She wrote with a pen.,She wrote with a pen.,she wrote with a pen,she wrote with a pen,0.0,0.0
P-097_Case_48.wav,He wrote the letter with a pen.,He wrote the letter with a pen.,he wrote the letter with a pen,he wrote the letter with a pen,0.0,0.0
P-097_Case_49.wav,She broke the nut with a stone.,She broke the nut with a stone.,she broke the nut with a stone,she broke the nut with a stone,0.0,0.0
P-097_Case_50.wav,We washed the clothes with soap.,We washed the clothes with soap.,we washed the clothes with soap,we washed the clothes with soap,0.0,0.0
P-097_Case_52.wav,Fatima lives in Pakistan.,Fatima lives in Pakistan.,fatima lives in pakistan,fatima lives in pakistan,0.0,0.0
P-097_Case_59.wav,I will play with my brother.,I will play with my brother.,i will play with my brother,i will play with my brother,0.0,0.0
P-097_Case_63.wav,The children came from the river.,The children came from the river.,the children came from the river,the children came from the river,0.0,0.0
P-097_Simple_11.wav,We cooked rice in the morning.,We cooked rice in the morning.,we cooked rice in the morning,we cooked rice in the morning,0.0,0.0
P-097_Simple_12b.wav,He (not here) saw that they are playing with a stone.,He (not here) saw that they are playing with a stone.,he not here saw that they are playing with a stone,he not here saw that they are playing with a stone,0.0,0.0
P-097_Simple_15.wav,I know that tomorrow is a holiday.,I know that tomorrow is a holiday.,i know that tomorrow is a holiday,i know that tomorrow is a holiday,0.0,0.0
P-097_Simple_2.wav,The monkey is on the tree.,The monkey is on the tree.,the monkey is on the tree,the monkey is on the tree,0.0,0.0
P-097_Simple_21a.wav,She (right here) wanted to sleep early.,She (right here) wanted to sleep early.,she right here wanted to sleep early,she right here wanted to sleep early,0.0,0.0
P-097_Simple_23a.wav,They (right here) are eating because they are hungry.,They (right here) are eating because they are hungry.,they right here are eating because they are hungry,they right here are eating because they are hungry,0.0,0.0
P-097_Simple_26.wav,I told him (not here) that she is my sister.,I told him (not here) that she is my sister.,i told him not here that she is my sister,i told him not here that she is my sister,0.0,0.0
P-097_Simple_5b.wav,Her (not here) name is Fatima.,Her (not here) name is Fatima.,her not here name is fatima,her not here name is fatima,0.0,0.0
P-099_Case_35.wav,Ayesha loves her.,Ayesha loves her.,ayesha loves her,ayesha loves her,0.0,0.0
P-099_Case_39.wav,Ahmed gave a flower to his wife.,Ahmed gave a flower to his wife.,ahmed gave a flower to his wife,ahmed gave a flower to his wife,0.0,0.0
P-099_Case_54.wav,He will go to Hunza tomorrow.,He will go to Hunza tomorrow.,he will go to hunza tomorrow,he will go to hunza tomorrow,0.0,0.0
P-099_Cls_185.wav,People have gathered here.,People have gathered here.,people have gathered here,people have gathered here,0.0,0.0
P-099_Cls_187.wav,This is a tall tree.,This is a tall tree.,this is a tall tree,this is a tall tree,0.0,0.0
P-099_Cls_189.wav,We need an electric wire.,We need an electric wire.,we need an electric wire,we need an electric wire,0.0,0.0
P-099_Cls_202.wav,Give me one apple.,Give me one apple.,give me one apple,give me one apple,0.0,0.0
P-099_Cls_210.wav,They carried ten bags of rice.,They carried ten bags of rice.,they carried ten bags of rice,they carried ten bags of rice,0.0,0.0
P-099_Cls_212.wav,Give me one long stick.,Give me one long stick.,give me one long stick,give me one long stick,0.0,0.0
P-099_ECV_156.wav,He died.,He died.,he died,he died,0.0,0.0
P-099_ECV_162.wav,He blessed us.,He blessed us.,he blessed us,he blessed us,0.0,0.0
P-099_ECV_163.wav,Go and see.,Go and see.,go and see,go and see,0.0,0.0
P-099_ECV_164.wav,Emaan kicked me and ran away.,Emaan kicked me and ran away.,emaan kicked me and ran away,emaan kicked me and ran away,0.0,0.0
P-099_ECV_165.wav,Sleep after eating.,Sleep after eating.,sleep after eating,sleep after eating,0.0,0.0
P-099_ECV_171.wav,Finish your work and come home.,Finish your work and come home.,finish your work and come home,finish your work and come home,0.0,0.0
P-099_ECV_183.wav,"After finishing the meeting, we went home.","After finishing the meeting, we went home.",after finishing the meeting we went home,after finishing the meeting we went home,0.0,0.0
P-099_Int_226.wav,Do you know her?,Do you know her?,do you know her,do you know her,0.0,0.0
P-099_Int_229.wav,Why didn’t you come yesterday?,Why didn’t you come yesterday?,why didn’t you come yesterday,why didn’t you come yesterday,0.0,0.0
P-099_Int_232.wav,Where did they go last night?,Where did they go last night?,where did they go last night,where did they go last night,0.0,0.0
P-099_Int_236.wav,Can she speak English?,Can she speak English?,can she speak english,can she speak english,0.0,0.0
P-099_Int_238.wav,Who will help us tomorrow?,Who will help us tomorrow?,who will help us tomorrow,who will help us tomorrow,0.0,0.0
P-099_Neg_100.wav,I didn’t eat yesterday.,I didn’t eat yesterday.,i didn’t eat yesterday,i didn’t eat yesterday,0.0,0.0
P-099_Neg_104.wav,He left without informing anyone.,He left without informing anyone.,he left without informing anyone,he left without informing anyone,0.0,0.0
P-099_Neg_107.wav,I do not know.,I do not know.,i do not know,i do not know,0.0,0.0
P-099_Neg_108.wav,Do not enter.,Do not enter.,do not enter,do not enter,0.0,0.0
P-099_Neg_113.wav,I never drink juice.,I never drink juice.,i never drink juice,i never drink juice,0.0,0.0
P-099_Neg_114.wav,She did not eat anything yesterday.,She did not eat anything yesterday.,she did not eat anything yesterday,she did not eat anything yesterday,0.0,0.0
P-099_Neg_94a.wav,He (right here) is not a teacher.,He (right here) is not a teacher.,he right here is not a teacher,he right here is not a teacher,0.0,0.0
P-099_Ref_137.wav,They defended themselves in court.,They protected themselves from the cold.,they defended themselves in court,they protected themselves from the cold,80.0,51.52
P-099_Ref_140.wav,She taught herself to read.,She taught herself to read.,she taught herself to read,she taught herself to read,0.0,0.0
P-099_Ref_145.wav,We cooked dinner by ourselves.,We cooked dinner by ourselves.,we cooked dinner by ourselves,we cooked dinner by ourselves,0.0,0.0
P-099_Simple_12b.wav,He (not here) saw that they are playing with a stone.,He (not here) saw that they are playing with a stone.,he not here saw that they are playing with a stone,he not here saw that they are playing with a stone,0.0,0.0
P-099_Simple_14.wav,I want to go to the town tonight.,I want to go to the town tonight.,i want to go to the town tonight,i want to go to the town tonight,0.0,0.0
P-099_Simple_15.wav,I know that tomorrow is a holiday.,I know that tomorrow is a holiday.,i know that tomorrow is a holiday,i know that tomorrow is a holiday,0.0,0.0
P-099_Simple_23b.wav,They (not here) are eating because they are hungry.,They (not here) are eating because they are hungry.,they not here are eating because they are hungry,they not here are eating because they are hungry,0.0,0.0
P-099_Simple_30.wav,I will call you if I need help.,I will call you if I need help.,i will call you if i need help,i will call you if i need help,0.0,0.0
P-099_Simple_5a.wav,Her (right here) name is Fatima.,Her (right here) name is Fatima.,her right here name is fatima,her right here name is fatima,0.0,0.0
P-099_Simple_7a.wav,She (right here) saw a man.,She (right here) saw a man.,she right here saw a man,she right here saw a man,0.0,0.0
P-099_TAM_66.wav,I was walking.,I was walking.,i was walking,i was walking,0.0,0.0
P-099_TAM_79.wav,She will walk home after sunset.,She will walk home after sunset.,she will walk home after sunset,she will walk home after sunset,0.0,0.0
P-099_TAM_82.wav,I might walk there later.,I might walk there later.,i might walk there later,i might walk there later,0.0,0.0
P-099_TAM_87.wav,She has already walked to the village.,She has already walked to the village.,she has already walked to the village,she has already walked to the village,0.0,0.0
P-099_TAM_88.wav,They had walked far before it started raining.,They had walked far before it started raining.,they had walked far before it started raining,they had walked far before it started raining,0.0,0.0
P-099_TAM_89.wav,He (not here) will have walked by the time we start.,He (not here) will have walked by the time we start.,he not here will have walked by the time we start,he not here will have walked by the time we start,0.0,0.0
P-100_Cau_315.wav,The nurse fed the baby.,The nurse fed the baby.,the nurse fed the baby,the nurse fed the baby,0.0,0.0
P-100_Cau_317.wav,I made the girl clean the room.,I made the girl clean the room.,i made the girl clean the room,i made the girl clean the room,0.0,0.0
P-100_Cau_326.wav,I am unable to walk.,I am unable to walk.,i am unable to walk,i am unable to walk,0.0,0.0
P-100_Cau_334.wav,The cold weather made him sick.,The cold weather made him sick.,the cold weather made him sick,the cold weather made him sick,0.0,0.0
P-100_Cau_339.wav,We made him carry the bags.,We made him carry the bags.,we made him carry the bags,we made him carry the bags,0.0,0.0
P-100_Cau_341.wav,The heat made the ice melt.,The heat made the ice melt.,the heat made the ice melt,the heat made the ice melt,0.0,0.0
P-100_Cls_205.wav,She ate four oranges.,She washed the clothes.,she ate four oranges,she washed the clothes,75.0,65.0
P-100_Cls_208.wav,We need five sheets of paper.,We need five sheets of paper.,we need five sheets of paper,we need five sheets of paper,0.0,0.0
P-100_ECV_155.wav,He broke the car.,He broke the pot.,he broke the car,he broke the pot,25.0,18.75
P-100_ECV_171.wav,Finish your work and come home.,Finish your work.,finish your work and come home,finish your work,50.0,46.67
P-100_ECV_173.wav,She cooked food and served the children.,She cooked food and served the children.,she cooked food and served the children,she cooked food and served the children,0.0,0.0
P-100_ECV_174.wav,They shouted and clapped.,They shouted and clapped.,they shouted and clapped,they shouted and clapped,0.0,0.0
P-100_ECV_175.wav,Wash your hands before eating.,The food was cooked by the maid.,wash your hands before eating,the food was cooked by the maid,140.0,82.76
P-100_ECV_179.wav,They sat together and talked for a long time.,They sat together and talked for a long time.,they sat together and talked for a long time,they sat together and talked for a long time,0.0,0.0
P-100_ECV_180.wav,He looked at me and smiled.,"He stood up, picked the bag, and left.",he looked at me and smiled,he stood up picked the bag and left,100.0,80.77
P-100_ECV_182.wav,I will go there and ask him.,I will go there and ask him.,i will go there and ask him,i will go there and ask him,0.0,0.0
P-100_ECV_183.wav,"After finishing the meeting, we went home.","After finishing the meeting, we went home.",after finishing the meeting we went home,after finishing the meeting we went home,0.0,0.0
P-100_Int_214.wav,What is your name?,What is your name?,what is your name,what is your name,0.0,0.0
P-100_Int_233.wav,How long will you stay here?,How long will you stay here?,how long will you stay here,how long will you stay here,0.0,0.0
P-100_Int_237.wav,Are you feeling better now?,Are you feeling better now?,are you feeling better now,are you feeling better now,0.0,0.0
P-100_Int_239.wav,Why are they shouting?,Why are they shouting?,why are they shouting,why are they shouting,0.0,0.0
P-100_Int_240.wav,When did you see him?,When did you see him?,when did you see him,when did you see him,0.0,0.0
P-100_Neg_102.wav,I have not eaten.,I have not eaten.,i have not eaten,i have not eaten,0.0,0.0
P-100_Neg_108.wav,Do not enter.,Do not enter.,do not enter,do not enter,0.0,0.0
P-100_Neg_110.wav,I did not play today.,I did not play today.,i did not play today,i did not play today,0.0,0.0
P-100_Neg_117.wav,Nobody saw me.,Nobody saw me.,nobody saw me,nobody saw me,0.0,0.0
P-100_Neg_119.wav,Not even my sister believed me.,Not even my sister believed me.,not even my sister believed me,not even my sister believed me,0.0,0.0
P-100_Pro_259.wav,She talked about herself.,She talked about herself.,she talked about herself,she talked about herself,0.0,0.0
P-100_Pro_262.wav,They came from him.,They came from him.,they came from him,they came from him,0.0,0.0
P-100_Pro_265.wav,That is a big tree.,That is a big tree.,that is a big tree,that is a big tree,0.0,0.0
P-100_Pro_266.wav,These are my clothes.,These are my clothes.,these are my clothes,these are my clothes,0.0,0.0
P-100_Pro_271.wav,Leave it over there.,Leave it over there.,leave it over there,leave it over there,0.0,0.0
P-100_Pro_273.wav,The school is far from here.,The school is far from here.,the school is far from here,the school is far from here,0.0,0.0
P-100_Pro_277.wav,We will meet later.,We will meet later.,we will meet later,we will meet later,0.0,0.0
P-100_Ref_130.wav,They told me about themselves.,They told me about themselves.,they told me about themselves,they told me about themselves,0.0,0.0
P-100_Ref_131.wav,The door opened by itself.,The door opened by itself.,the door opened by itself,the door opened by itself,0.0,0.0
P-100_Ref_141.wav,He blamed himself for the mistake.,He broke the pot.,he blamed himself for the mistake,he broke the pot,66.67,66.67
P-100_Ref_142.wav,They prepared themselves for the exam.,They prepared themselves for the exam.,they prepared themselves for the exam,they prepared themselves for the exam,0.0,0.0
P-100_Ref_145.wav,We cooked dinner by ourselves.,We cooked dinner by ourselves.,we cooked dinner by ourselves,we cooked dinner by ourselves,0.0,0.0
P-100_Ref_148.wav,They helped each other during the storm.,They helped each other during the storm.,they helped each other during the storm,they helped each other during the storm,0.0,0.0
P-100_Val_281.wav,The door opened.,The door opened.,the door opened,the door opened,0.0,0.0
P-100_Val_285.wav,The pot broke.,The pot broke.,the pot broke,the pot broke,0.0,0.0
P-100_Val_286.wav,He broke the pot.,She broke the pot.,he broke the pot,she broke the pot,25.0,6.25
P-100_Val_288.wav,She cooked the food.,She cooked the food.,she cooked the food,she cooked the food,0.0,0.0
P-100_Val_294.wav,The girl danced.,The girl danced.,the girl danced,the girl danced,0.0,0.0
P-100_Val_298.wav,She made him go.,She made him go.,she made him go,she made him go,0.0,0.0
P-100_Val_300.wav,The noise made the baby cry.,The noise made the baby cry.,the noise made the baby cry,the noise made the baby cry,0.0,0.0
P-100_Val_301.wav,The fire burned.,The fire burned.,the fire burned,the fire burned,0.0,0.0
P-100_Val_307.wav,He swam.,He swam.,he swam,he swam,0.0,0.0
P-101_Adp_406.wav,I am at home.,I am at home.,i am at home,i am at home,0.0,0.0
P-101_Adp_424.wav,She arrived from the city.,She arrived from the city.,she arrived from the city,she arrived from the city,0.0,0.0
P-101_Adp_425.wav,I will go with my friend.,I will go with my friend.,i will go with my friend,i will go with my friend,0.0,0.0
P-101_Adp_431.wav,We walked through the forest.,We walked through the forest.,we walked through the forest,we walked through the forest,0.0,0.0
P-101_Adp_432.wav,The bus stopped near the bridge.,The bus stopped near the bridge.,the bus stopped near the bridge,the bus stopped near the bridge,0.0,0.0
P-101_Case_34.wav,She loves me.,She loves me.,she loves me,she loves me,0.0,0.0
P-101_Case_36.wav,They (not here) love us.,They (not here) love us.,they not here love us,they not here love us,0.0,0.0
P-101_Case_37.wav,Yesterday they (not here) caught the thief.,Yesterday they (not here) caught the thief.,yesterday they not here caught the thief,yesterday they not here caught the thief,0.0,0.0
P-101_Case_40.wav,Father bought a toy for his son.,Father bought a toy for his son.,father bought a toy for his son,father bought a toy for his son,0.0,0.0
P-101_Case_52.wav,Fatima lives in Pakistan.,Fatima lives in Pakistan.,fatima lives in pakistan,fatima lives in pakistan,0.0,0.0
P-101_Case_58.wav,Ali went with Ahmed.,Ali went with Ahmed.,ali went with ahmed,ali went with ahmed,0.0,0.0
P-101_Case_60.wav,He came with his friend.,He came with his friend.,he came with his friend,he came with his friend,0.0,0.0
P-101_Cau_316.wav,Mother made me go outside.,Mother made me go outside.,mother made me go outside,mother made me go outside,0.0,0.0
P-101_Cau_323.wav,The house was burnt by the thieves.,The house was burnt by the thieves.,the house was burnt by the thieves,the house was burnt by the thieves,0.0,0.0
P-101_Cau_325.wav,The chair was broken by the children.,The chair was broken by the children.,the chair was broken by the children,the chair was broken by the children,0.0,0.0
P-101_Cau_326.wav,I am unable to walk.,I am unable to walk.,i am unable to walk,i am unable to walk,0.0,0.0
P-101_Cau_333.wav,The rain made the road muddy.,The rain made the road muddy.,the rain made the road muddy,the rain made the road muddy,0.0,0.0
P-101_Cau_335.wav,The loud noise made the birds fly away.,The loud noise made the birds fly away.,the loud noise made the birds fly away,the loud noise made the birds fly away,0.0,0.0
P-101_Cau_341.wav,The heat made the ice melt.,The heat made the ice melt.,the heat made the ice melt,the heat made the ice melt,0.0,0.0
P-101_Cls_185.wav,People have gathered here.,People have gathered here.,people have gathered here,people have gathered here,0.0,0.0
P-101_Cls_206.wav,Bring two cups of water.,Bring two cups of water.,bring two cups of water,bring two cups of water,0.0,0.0
P-101_Cls_207.wav,He bought three pieces of cloth.,He bought three pieces of cloth.,he bought three pieces of cloth,he bought three pieces of cloth,0.0,0.0
P-101_ECV_154.wav,She has gone outside the house.,She has gone outside the house.,she has gone outside the house,she has gone outside the house,0.0,0.0
P-101_ECV_161.wav,She called me.,She called me.,she called me,she called me,0.0,0.0
P-101_ECV_168.wav,Hassan went to swim.,Hassan went to swim.,hassan went to swim,hassan went to swim,0.0,0.0
P-101_ECV_178.wav,We came to help you.,We came to help you.,we came to help you,we came to help you,0.0,0.0
P-101_ECV_179.wav,They sat together and talked for a long time.,They sat together and talked for a long time.,they sat together and talked for a long time,they sat together and talked for a long time,0.0,0.0
P-101_ECV_182.wav,I will go there and ask him.,I will go there and ask him.,i will go there and ask him,i will go there and ask him,0.0,0.0
P-101_ECV_183.wav,"After finishing the meeting, we went home.","After finishing the meeting, we went home.",after finishing the meeting we went home,after finishing the meeting we went home,0.0,0.0
P-101_Imp_469.wav,Stand up.,Stand up.,stand up,stand up,0.0,0.0
P-101_Imp_470.wav,Listen to me.,Listen to me.,listen to me,listen to me,0.0,0.0
P-101_Imp_477.wav,Give me that book.,Give me that book.,give me that book,give me that book,0.0,0.0
P-101_Imp_484.wav,Do not run inside.,Do not run inside.,do not run inside,do not run inside,0.0,0.0
P-101_Imp_485.wav,Do not open the door.,Do not open the door.,do not open the door,do not open the door,0.0,0.0
P-101_Imp_486.wav,Go and bring milk.,Go and bring milk.,go and bring milk,go and bring milk,0.0,0.0
P-101_Imp_491.wav,Please wait a moment.,Please wait a moment.,please wait a moment,please wait a moment,0.0,0.0
P-101_Imp_495.wav,Let her sit here.,Let her sit here.,let her sit here,let her sit here,0.0,0.0
P-101_Imp_496.wav,Bring the children inside.,Bring the children inside.,bring the children inside,bring the children inside,0.0,0.0
P-101_Imp_497.wav,Stop talking and listen.,Stop talking and listen.,stop talking and listen,stop talking and listen,0.0,0.0
P-101_Int_214.wav,What is your name?,What is your name?,what is your name,what is your name,0.0,0.0
P-101_Int_218.wav,When will you return?,When will you return?,when will you return,when will you return,0.0,0.0
P-101_Int_230.wav,Do you have money?,Do they have money?,do you have money,do they have money,25.0,23.53
P-101_Int_232.wav,Where did they go last night?,Where did they go last night?,where did they go last night,where did they go last night,0.0,0.0
P-101_Int_234.wav,What are they doing?,What are they doing?,what are they doing,what are they doing,0.0,0.0
P-101_Int_241.wav,How can I solve this problem?,How can I solve this problem?,how can i solve this problem,how can i solve this problem,0.0,0.0
P-101_Int_243.wav,What do you want to buy?,What do you want to buy?,what do you want to buy,what do you want to buy,0.0,0.0
P-101_Int_346.wav,Where did they go?,Where did they go?,where did they go,where did they go,0.0,0.0
P-101_Int_347.wav,Who came yesterday?,Who came yesterday?,who came yesterday,who came yesterday,0.0,0.0
P-101_Int_348.wav,When will she arrive?,When will she arrive?,when will she arrive,when will she arrive,0.0,0.0
P-101_Int_350.wav,How did he fix it?,How did he fix it?,how did he fix it,how did he fix it,0.0,0.0
P-101_Int_352.wav,Will she stay here?,Will she stay here?,will she stay here,will she stay here,0.0,0.0
P-101_Int_353.wav,Do you trust him?,Do you trust him?,do you trust him,do you trust him,0.0,0.0
P-101_Int_363.wav,Who are you going with?,Who are you going with?,who are you going with,who are you going with,0.0,0.0
P-101_Int_372.wav,Did he not see them?,Did he not see them?,did he not see them,did he not see them,0.0,0.0
P-101_Int_373.wav,Don’t they know the truth?,Don’t they know the truth?,don’t they know the truth,don’t they know the truth,0.0,0.0
P-101_Neg_104.wav,He left without informing anyone.,He left without informing anyone.,he left without informing anyone,he left without informing anyone,0.0,0.0
P-101_Neg_106.wav,I am not hungry.,I am not hungry.,i am not hungry,i am not hungry,0.0,0.0
P-101_Neg_112.wav,I don’t think he will come.,I don’t think he will come.,i don’t think he will come,i don’t think he will come,0.0,0.0
P-101_Neg_116.wav,Nothing can be done about his illness.,Nothing can be done about his illness.,nothing can be done about his illness,nothing can be done about his illness,0.0,0.0
P-101_Neg_122.wav,The bird is no longer on the tree.,The bird is no longer on the tree.,the bird is no longer on the tree,the bird is no longer on the tree,0.0,0.0
P-101_Neg_123.wav,If you don’t study you will fail.,If you don’t study you will fail.,if you don’t study you will fail,if you don’t study you will fail,0.0,0.0
P-101_Neg_97.wav,You may not go now.,You may not go now.,you may not go now,you may not go now,0.0,0.0
P-101_Neg_99.wav,You must not move now.,You must not move now.,you must not move now,you must not move now,0.0,0.0
P-101_Pas_437.wav,The door was opened by the boy.,The door was opened by the boy.,the door was opened by the boy,the door was opened by the boy,0.0,0.0
P-101_Pas_448.wav,The rice will be cooked.,The rice will be cooked.,the rice will be cooked,the rice will be cooked,0.0,0.0
P-101_Pas_451.wav,The tree was cut down by the men.,The tree was cut down by the men.,the tree was cut down by the men,the tree was cut down by the men,0.0,0.0
P-101_Pos_377.wav,She has a new phone.,She has a new phone.,she has a new phone,she has a new phone,0.0,0.0
P-101_Pos_387.wav,I have an illness.,I have an illness.,i have an illness,i have an illness,0.0,0.0
P-101_Pos_393.wav,The house has a small garden.,The house has a small garden.,the house has a small garden,the house has a small garden,0.0,0.0
P-101_Pos_394.wav,The bag has five pockets.,The bag has five pockets.,the bag has five pockets,the bag has five pockets,0.0,0.0
P-101_Pos_399.wav,The classroom has big windows.,The classroom has big windows.,the classroom has big windows,the classroom has big windows,0.0,0.0
P-101_Pos_401.wav,My brother has a bicycle.,My brother has a bicycle.,my brother has a bicycle,my brother has a bicycle,0.0,0.0
P-101_Pos_402.wav,Her child has a toy.,Her child has a toy.,her child has a toy,her child has a toy,0.0,0.0
P-101_Pos_405.wav,They have everything they need.,They have everything they need.,they have everything they need,they have everything they need,0.0,0.0
P-101_Pro_244.wav,I am tired.,I am tired.,i am tired,i am tired,0.0,0.0
P-101_Pro_246.wav,She is sleeping.,She is sleeping.,she is sleeping,she is sleeping,0.0,0.0
P-101_Pro_250.wav,I saw them.,I saw them.,i saw them,i saw them,0.0,0.0
P-101_Pro_263.wav,This belongs to her.,This belongs to her.,this belongs to her,this belongs to her,0.0,0.0
P-101_Pro_264.wav,This is my bag.,This is my bag.,this is my bag,this is my bag,0.0,0.0
P-101_Pro_266.wav,These are my clothes.,They are my clothes.,these are my clothes,they are my clothes,25.0,10.0
P-101_Pro_276.wav,I will start now.,I will start now.,i will start now,i will start now,0.0,0.0
P-101_Pro_278.wav,They already left.,They already left.,they already left,they already left,0.0,0.0
P-101_Ref_125.wav,We saw ourselves in the mirror.,We saw ourselves in the mirror.,we saw ourselves in the mirror,we saw ourselves in the mirror,0.0,0.0
P-101_Ref_131.wav,The door opened by itself.,The door opened by itself.,the door opened by itself,the door opened by itself,0.0,0.0
P-101_Ref_133.wav,We met each other.,We met each other.,we met each other,we met each other,0.0,0.0
P-101_Ref_135.wav,She spoke to herself quietly.,She spoke to herself quietly.,she spoke to herself quietly,she spoke to herself quietly,0.0,0.0
P-101_Ref_145.wav,We cooked dinner by ourselves.,We cooked dinner by ourselves.,we cooked dinner by ourselves,we cooked dinner by ourselves,0.0,0.0
P-101_Simple_13b.wav,She (not here) said that the woman is sleeping on the floor.,She (not here) said that the woman is sleeping on the floor.,she not here said that the woman is sleeping on the floor,she not here said that the woman is sleeping on the floor,0.0,0.0
P-101_Simple_19.wav,"If it rains a lot, the plants will grow better.","If it rains a lot, the plants will grow better.",if it rains a lot the plants will grow better,if it rains a lot the plants will grow better,0.0,0.0
P-101_Simple_30.wav,I will call you if I need help.,I will call you if I need help.,i will call you if i need help,i will call you if i need help,0.0,0.0
P-101_Simple_5b.wav,Her (not here) name is Fatima.,Her (not here) name is Fatima.,her not here name is fatima,her not here name is fatima,0.0,0.0
P-101_Simple_7a.wav,She (right here) saw a man.,She (right here) saw a man.,she right here saw a man,she right here saw a man,0.0,0.0
P-101_TAM_66.wav,I was walking.,I was walking.,i was walking,i was walking,0.0,0.0
P-101_TAM_83.wav,You should not walk at night.,You should not walk at night.,you should not walk at night,you should not walk at night,0.0,0.0
P-101_TAM_91.wav,"If it rains, we will walk later.","If it rains, we will walk later.",if it rains we will walk later,if it rains we will walk later,0.0,0.0
P-101_TAM_92.wav,Jemal is not walking tomorrow.,Jemal is not walking tomorrow.,jemal is not walking tomorrow,jemal is not walking tomorrow,0.0,0.0
P-101_Val_287.wav,The food cooked.,The food cooked.,the food cooked,the food cooked,0.0,0.0
P-101_Val_290.wav,They turned off the light.,They turned off the light.,they turned off the light,they turned off the light,0.0,0.0
P-101_Val_297.wav,He went.,He went.,he went,he went,0.0,0.0
P-101_Val_299.wav,The baby cried.,The baby cried.,the baby cried,the baby cried,0.0,0.0
P-101_Val_303.wav,The boy slept.,The boy slept.,the boy slept,the boy slept,0.0,0.0
P-101_Val_309.wav,The teacher spoke.,The teacher spoke.,the teacher spoke,the teacher spoke,0.0,0.0
P-102_Adp_435.wav,He put the cup on top of the shelf.,He put the cup on top of the shelf.,he put the cup on top of the shelf,he put the cup on top of the shelf,0.0,0.0
P-102_Case_32.wav,She (right here) hit the bear.,She (right here) hit the bear.,she right here hit the bear,she right here hit the bear,0.0,0.0
P-102_Case_34.wav,She loves me.,She loves me.,she loves me,she loves me,0.0,0.0
P-102_Case_37.wav,Yesterday they (not here) caught the thief.,Yesterday they (not here) caught the thief.,yesterday they not here caught the thief,yesterday they not here caught the thief,0.0,0.0
P-102_Case_40.wav,Father bought a toy for his son.,Father bought a toy for his son.,father bought a toy for his son,father bought a toy for his son,0.0,0.0
P-102_Case_44.wav,He cut the tree with an axe.,He cut the tree with an axe.,he cut the tree with an axe,he cut the tree with an axe,0.0,0.0
P-102_Case_58.wav,Ali went with Ahmed.,Ali went with Ahmed.,ali went with ahmed,ali went with ahmed,0.0,0.0
P-102_Case_59.wav,I will play with my brother.,I will play with my brother.,i will play with my brother,i will play with my brother,0.0,0.0
P-102_Cau_317.wav,I made the girl clean the room.,I made the girl clean the room.,i made the girl clean the room,i made the girl clean the room,0.0,0.0
P-102_Cau_319.wav,I made the girl ask the maid to clean the room.,Place holder.,i made the girl ask the maid to clean the room,place holder,100.0,82.61
P-102_Cau_320.wav,I made him break the glass.,I made him break the glass.,i made him break the glass,i made him break the glass,0.0,0.0
P-102_Cau_331.wav,He made her open the door.,He made her open the door.,he made her open the door,he made her open the door,0.0,0.0
P-102_Cau_333.wav,The rain made the road muddy.,The rain made the road muddy.,the rain made the road muddy,the rain made the road muddy,0.0,0.0
P-102_Cau_335.wav,The loud noise made the birds fly away.,The loud noise made the birds fly away.,the loud noise made the birds fly away,the loud noise made the birds fly away,0.0,0.0
P-102_Cau_338.wav,She made them tell the truth.,She made them tell the truth.,she made them tell the truth,she made them tell the truth,0.0,0.0
P-102_Cls_184.wav,My family has a goat and a chicken.,My family has a goat and a chicken.,my family has a goat and a chicken,my family has a goat and a chicken,0.0,0.0
P-102_Cls_185.wav,People have gathered here.,People have gathered here.,people have gathered here,people have gathered here,0.0,0.0
P-102_Cls_186.wav,Dogs are barking.,Dogs are barking.,dogs are barking,dogs are barking,0.0,0.0
P-102_Cls_202.wav,Give me one apple.,Give me one apple.,give me one apple,give me one apple,0.0,0.0
P-102_Cls_203.wav,I have five cars.,I have five cars.,i have five cars,i have five cars,0.0,0.0
P-102_Cls_208.wav,We need five sheets of paper.,We need five sheets of paper.,we need five sheets of paper,we need five sheets of paper,0.0,0.0
P-102_Cls_211.wav,The shop has many kinds of flowers.,The shop has many kinds of flowers.,the shop has many kinds of flowers,the shop has many kinds of flowers,0.0,0.0
P-102_ECV_155.wav,He broke the car.,He broke the car.,he broke the car,he broke the car,0.0,0.0
P-102_Imp_467.wav,Go there.,Go there.,go there,go there,0.0,0.0
P-102_Imp_471.wav,Look at me.,Look at me.,look at me,look at me,0.0,0.0
P-102_Imp_472.wav,Read this.,Read this.,read this,read this,0.0,0.0
P-102_Imp_476.wav,Bring water.,Bring water.,bring water,bring water,0.0,0.0
P-102_Imp_485.wav,Do not open the door.,Do not open the door.,do not open the door,do not open the door,0.0,0.0
P-102_Imp_489.wav,Eat and sleep.,Eat and sleep.,eat and sleep,eat and sleep,0.0,0.0
P-102_Imp_493.wav,Let them come inside.,Do not touch that.,let them come inside,do not touch that,100.0,85.0
P-102_Imp_497.wav,Stop talking and listen.,Stop talking and listen.,stop talking and listen,stop talking and listen,0.0,0.0
P-102_Int_215.wav,Where are you going?,Where are you going?,where are you going,where are you going,0.0,0.0
P-102_Int_216.wav,Who is coming with you?,Who is coming with you?,who is coming with you,who is coming with you,0.0,0.0
P-102_Int_349.wav,Why are you crying?,Why are you crying?,why are you crying,why are you crying,0.0,0.0
P-102_Int_350.wav,How did he fix it?,How did he fix it?,how did he fix it,how did he fix it,0.0,0.0
P-102_Int_356.wav,What did he break?,What did he break?,what did he break,what did he break,0.0,0.0
P-102_Int_360.wav,Who gave you money?,Who gave you money?,who gave you money,who gave you money,0.0,0.0
P-102_Int_361.wav,What are they doing with the knife?,What are they doing with the knife?,what are they doing with the knife,what are they doing with the knife,0.0,0.0
P-102_Neg_100.wav,I didn’t eat yesterday.,I didn’t eat yesterday.,i didn’t eat yesterday,i didn’t eat yesterday,0.0,0.0
P-102_Neg_105.wav,They are not here.,They are not here.,they are not here,they are not here,0.0,0.0
P-102_Neg_115.wav,I don’t see her anymore.,I don’t see her anymore.,i don’t see her anymore,i don’t see her anymore,0.0,0.0
P-102_Neg_119.wav,Not even my sister believed me.,Not even my sister believed me.,not even my sister believed me,not even my sister believed me,0.0,0.0
P-102_Neg_94c.wav,She (right here) is not a teacher.,She (right here) is not a teacher.,she right here is not a teacher,she right here is not a teacher,0.0,0.0
P-102_Neg_96.wav,He cannot sing.,He cannot sing.,he cannot sing,he cannot sing,0.0,0.0
P-102_Neg_99.wav,You must not move now.,You must not move now.,you must not move now,you must not move now,0.0,0.0
P-102_Pas_437.wav,The door was opened by the boy.,The door was opened by the boy.,the door was opened by the boy,the door was opened by the boy,0.0,0.0
P-102_Pas_438.wav,The food was cooked.,The food is cooked.,the food was cooked,the food is cooked,25.0,10.53
P-102_Pas_444.wav,The car was repaired yesterday.,The car was repaired yesterday.,the car was repaired yesterday,the car was repaired yesterday,0.0,0.0
P-102_Pas_446.wav,The glass was broken.,The glass was broken.,the glass was broken,the glass was broken,0.0,0.0
P-102_Pas_452.wav,The girl was taught by her mother.,The girl was taught by her mother.,the girl was taught by her mother,the girl was taught by her mother,0.0,0.0
P-102_Pas_465.wav,The story was told by the teacher.,The story was told by the teacher.,the story was told by the teacher,the story was told by the teacher,0.0,0.0
P-102_Pos_392.wav,The school has many teachers.,The school has many teachers.,the school has many teachers,the school has many teachers,0.0,0.0
P-102_Pos_393.wav,The house has a small garden.,The house has a small garden.,the house has a small garden,the house has a small garden,0.0,0.0
P-102_Pos_399.wav,The classroom has big windows.,The classroom has big windows.,the classroom has big windows,the classroom has big windows,0.0,0.0
P-102_Pos_401.wav,My brother has a bicycle.,My brother has a bicycle.,my brother has a bicycle,my brother has a bicycle,0.0,0.0
P-102_Pos_404.wav,I have work to do today.,I have work to do today.,i have work to do today,i have work to do today,0.0,0.0
P-102_Pro_247.wav,He is standing outside.,He is standing outside.,he is standing outside,he is standing outside,0.0,0.0
P-102_Ref_126.wav,You cooked rice yourself.,You cooked rice yourself.,you cooked rice yourself,you cooked rice yourself,0.0,0.0
P-102_Simple_10.wav,Today is Monday.,Today is Monday.,today is monday,today is monday,0.0,0.0
P-102_Simple_16.wav,He (right here) tried to feed the elephant.,He (right here) tried to feed the elephant.,he right here tried to feed the elephant,he right here tried to feed the elephant,0.0,0.0
P-102_Simple_19.wav,"If it rains a lot, the plants will grow better.","If it rains a lot, the plants will grow better.",if it rains a lot the plants will grow better,if it rains a lot the plants will grow better,0.0,0.0
P-102_Simple_2.wav,The monkey is on the tree.,The monkey is on the tree.,the monkey is on the tree,the monkey is on the tree,0.0,0.0
P-102_Simple_23a.wav,They (right here) are eating because they are hungry.,They (right here) are eating because they are hungry.,they right here are eating because they are hungry,they right here are eating because they are hungry,0.0,0.0
P-102_Simple_23b.wav,They (not here) are eating because they are hungry.,They (not here) are eating because they are hungry.,they not here are eating because they are hungry,they not here are eating because they are hungry,0.0,0.0
P-102_Simple_29.wav,"Although it was late, they (not here) kept working.","Although it was late, they (not here) kept working.",although it was late they not here kept working,although it was late they not here kept working,0.0,0.0
P-102_Simple_5b.wav,Her (not here) name is Fatima.,Her (not here) name is Fatima.,her not here name is fatima,her not here name is fatima,0.0,0.0
P-102_Simple_8a.wav,He (right here) met a new teacher at school.,He (right here) met a new teacher at school.,he right here met a new teacher at school,he right here met a new teacher at school,0.0,0.0
P-102_TAM_68.wav,I walk to the field every day.,I walk to the field every day.,i walk to the field every day,i walk to the field every day,0.0,0.0
P-102_TAM_72b.wav,We are headed to the market now.,We are headed to the market now.,we are headed to the market now,we are headed to the market now,0.0,0.0
P-102_TAM_87.wav,She has already walked to the village.,She has already walked to the village.,she has already walked to the village,she has already walked to the village,0.0,0.0
P-102_Val_281.wav,The door opened.,The door opened.,the door opened,the door opened,0.0,0.0
P-102_Val_282.wav,He opened the door.,He opened the door.,he opened the door,he opened the door,0.0,0.0
P-102_Val_285.wav,The pot broke.,The pot broke.,the pot broke,the pot broke,0.0,0.0
P-102_Val_292.wav,The boy fell.,The boy fell.,the boy fell,the boy fell,0.0,0.0
P-102_Val_302.wav,They burned the firewood.,They burned the firewood.,they burned the firewood,they burned the firewood,0.0,0.0
P-102_Val_311.wav,The window opened by itself.,The window opened by itself.,the window opened by itself,the window opened by itself,0.0,0.0
P-102_Val_312.wav,He opened the window with a stick.,He opened the window with a stick.,he opened the window with a stick,he opened the window with a stick,0.0,0.0
P-102_Val_314.wav,She rolled the ball toward him.,She rolled the ball toward him.,she rolled the ball toward him,she rolled the ball toward him,0.0,0.0
P-104_Simple_4.wav,I am Ali.,I am Ali.,i am ali,i am ali,0.0,0.0
P-107_Case_35.wav,Ayesha loves her.,Ayesha loves her.,ayesha loves her,ayesha loves her,0.0,0.0
P-107_Case_44.wav,He cut the tree with an axe.,He cut the tree with an axe.,he cut the tree with an axe,he cut the tree with an axe,0.0,0.0
P-107_Case_50.wav,We washed the clothes with soap.,We washed the clothes with soap.,we washed the clothes with soap,we washed the clothes with soap,0.0,0.0
P-107_Case_58.wav,Ali went with Ahmed.,Ali went with Ahmed.,ali went with ahmed,ali went with ahmed,0.0,0.0
P-107_Case_59.wav,I will play with my brother.,I will play with my brother.,i will play with my brother,i will play with my brother,0.0,0.0
P-107_Case_61.wav,My friend’s sister was ill.,My friend’s sister was ill.,my friend’s sister was ill,my friend’s sister was ill,0.0,0.0
P-107_Case_62.wav,He cut the meat with a knife.,He cut the meat with a knife.,he cut the meat with a knife,he cut the meat with a knife,0.0,0.0
P-107_Case_63.wav,The children came from the river.,The children came from the river.,the children came from the river,the children came from the river,0.0,0.0
P-107_Simple_13a.wav,She (right here) said that the woman is sleeping on the floor.,She (right here) said that the woman is sleeping on the floor.,she right here said that the woman is sleeping on the floor,she right here said that the woman is sleeping on the floor,0.0,0.0
P-107_Simple_3.wav,That house is big.,That house is big.,that house is big,that house is big,0.0,0.0
P-107_Simple_5a.wav,Her (right here) name is Fatima.,Her (right here) name is Fatima.,her right here name is fatima,her right here name is fatima,0.0,0.0
P-107_Simple_5b.wav,Her (not here) name is Fatima.,Her (not here) name is Fatima.,her not here name is fatima,her not here name is fatima,0.0,0.0
P-107_TAM_66.wav,I was walking.,I was walking.,i was walking,i was walking,0.0,0.0
P-107_TAM_70.wav,I will not walk to school.,I will not walk to school.,i will not walk to school,i will not walk to school,0.0,0.0
P-107_TAM_72a.wav,We are walking to the market now.,We are walking to the market now.,we are walking to the market now,we are walking to the market now,0.0,0.0
P-107_TAM_73.wav,We walk to school daily.,We walk to school daily.,we walk to school daily,we walk to school daily,0.0,0.0
P-107_TAM_75.wav,You walk to school daily.,You walk to school daily.,you walk to school daily,you walk to school daily,0.0,0.0
P-107_TAM_81.wav,They walked to the river this morning.,They walked to the river this morning.,they walked to the river this morning,they walked to the river this morning,0.0,0.0
P-107_TAM_84.wav,We will be walking when you arrive.,We will be walking when you arrive.,we will be walking when you arrive,we will be walking when you arrive,0.0,0.0
P-111_Adp_411.wav,We are behind the house.,We are behind the house.,we are behind the house,we are behind the house,0.0,0.0
P-111_Adp_417.wav,They are sitting beside me.,They are sitting beside me.,they are sitting beside me,they are sitting beside me,0.0,0.0
P-111_Adp_418.wav,She walked to the river.,She walked to the river.,she walked to the river,she walked to the river,0.0,0.0
P-111_Adp_435.wav,He put the cup on top of the shelf.,He put the cup on top of the shelf.,he put the cup on top of the shelf,he put the cup on top of the shelf,0.0,0.0
P-111_Case_57.wav,Last year it had rained in October.,Last year it had rained in October.,last year it had rained in october,last year it had rained in october,0.0,0.0
P-111_Case_63.wav,The children came from the river.,The children came from the river.,the children came from the river,the children came from the river,0.0,0.0
P-111_Case_64.wav,She cooked food for her brother.,She cooked food for her brother.,she cooked food for her brother,she cooked food for her brother,0.0,0.0
P-111_Cau_317.wav,I made the girl clean the room.,I made the girl clean the room.,i made the girl clean the room,i made the girl clean the room,0.0,0.0
P-111_Cau_318.wav,I made the girl clean the room with a broom.,I made the girl clean the room with a broom.,i made the girl clean the room with a broom,i made the girl clean the room with a broom,0.0,0.0
P-111_Cau_327.wav,He made the child sit quietly.,He made the child sit quietly.,he made the child sit quietly,he made the child sit quietly,0.0,0.0
P-111_Cau_335.wav,The loud noise made the birds fly away.,The loud noise made the birds fly away.,the loud noise made the birds fly away,the loud noise made the birds fly away,0.0,0.0
P-111_Cls_189.wav,We need an electric wire.,We need an electric wire.,we need an electric wire,we need an electric wire,0.0,0.0
P-111_Cls_192.wav,Give me a small banana.,Give me a small banana.,give me a small banana,give me a small banana,0.0,0.0
P-111_Cls_196.wav,Do not beat the student with a stick.,Do not beat the student with a stick.,do not beat the student with a stick,do not beat the student with a stick,0.0,0.0
P-111_Cls_197.wav,Tie them with a rope.,Tie them with a rope.,tie them with a rope,tie them with a rope,0.0,0.0
P-111_Cls_198.wav,Go and buy some ripe fruits.,Go and buy some ripe fruits.,go and buy some ripe fruits,go and buy some ripe fruits,0.0,0.0
P-111_Cls_203.wav,I have five cars.,I have five cars.,i have five cars,i have five cars,0.0,0.0
P-111_Cls_210.wav,They carried ten bags of rice.,They carried ten bags of rice.,they carried ten bags of rice,they carried ten bags of rice,0.0,0.0
P-111_ECV_156.wav,He died.,He died.,he died,he died,0.0,0.0
P-111_ECV_157.wav,She broke the engagement.,She broke the engagement.,she broke the engagement,she broke the engagement,0.0,0.0
P-111_ECV_159.wav,He fell down.,He fell down.,he fell down,he fell down,0.0,0.0
P-111_ECV_162.wav,He blessed us.,He blessed us.,he blessed us,he blessed us,0.0,0.0
P-111_ECV_163.wav,Go and see.,Go and see.,go and see,go and see,0.0,0.0
P-111_ECV_170.wav,"Simra sang, danced, and entertained the guests.","Simra sang, danced, and entertained the guests.",simra sang danced and entertained the guests,simra sang danced and entertained the guests,0.0,0.0
P-111_ECV_173.wav,She cooked food and served the children.,She cooked food and served the children.,she cooked food and served the children,she cooked food and served the children,0.0,0.0
P-111_ECV_178.wav,We came to help you.,We came to help you.,we came to help you,we came to help you,0.0,0.0
P-111_Imp_472.wav,Read this.,Read this.,read this,read this,0.0,0.0
P-111_Imp_481.wav,Do not go there.,Do not go there.,do not go there,do not go there,0.0,0.0
P-111_Imp_483.wav,Do not speak loudly.,Do not speak loudly.,do not speak loudly,do not speak loudly,0.0,0.0
P-111_Imp_486.wav,Go and bring milk.,Go and bring milk.,go and bring milk,go and bring milk,0.0,0.0
P-111_Imp_491.wav,Please wait a moment.,Please wait a moment.,please wait a moment,please wait a moment,0.0,0.0
P-111_Imp_494.wav,Let them speak.,Let them speak.,let them speak,let them speak,0.0,0.0
P-111_Imp_497.wav,Stop talking and listen.,Stop talking and listen.,stop talking and listen,stop talking and listen,0.0,0.0
P-111_Int_214.wav,What is your name?,What is your name?,what is your name,what is your name,0.0,0.0
P-111_Int_218.wav,When will you return?,When will you return?,when will you return,when will you return,0.0,0.0
P-111_Int_222.wav,Did you eat?,Did you eat?,did you eat,did you eat,0.0,0.0
P-111_Int_230.wav,Do you have money?,Do you have money?,do you have money,do you have money,0.0,0.0
P-111_Int_234.wav,What are they doing?,What are they doing?,what are they doing,what are they doing,0.0,0.0
P-111_Int_237.wav,Are you feeling better now?,Are you feeling better now?,are you feeling better now,are you feeling better now,0.0,0.0
P-111_Int_240.wav,When did you see him?,When did you see him?,when did you see him,when did you see him,0.0,0.0
P-111_Int_243.wav,What do you want to buy?,What do you want to buy?,what do you want to buy,what do you want to buy,0.0,0.0
P-111_Int_346.wav,Where did they go?,Where did they go?,where did they go,where did they go,0.0,0.0
P-111_Int_357.wav,Who did you call?,Who did you call?,who did you call,who did you call,0.0,0.0
P-111_Int_364.wav,Where did he put the books?,Where did he put the books?,where did he put the books,where did he put the books,0.0,0.0
P-111_Int_372.wav,Did he not see them?,Did he not see them?,did he not see them,did he not see them,0.0,0.0
P-111_Neg_110.wav,I did not play today.,I did not play today.,i did not play today,i did not play today,0.0,0.0
P-111_Neg_117.wav,Nobody saw me.,Nobody saw me.,nobody saw me,nobody saw me,0.0,0.0
P-111_Neg_120.wav,None of the children came.,None of the children came.,none of the children came,none of the children came,0.0,0.0
P-111_Neg_121.wav,Not everyone passed.,Not everyone passed.,not everyone passed,not everyone passed,0.0,0.0
P-111_Neg_94b.wav,He (not here) is not a teacher.,He (not here) is not a teacher.,he not here is not a teacher,he not here is not a teacher,0.0,0.0
P-111_Neg_94c.wav,She (right here) is not a teacher.,She (right here) is not a teacher.,she right here is not a teacher,she right here is not a teacher,0.0,0.0
P-111_Neg_95.wav,There is no water in the river.,There is no water in the river.,there is no water in the river,there is no water in the river,0.0,0.0
P-111_Neg_97.wav,You may not go now.,You may not go now.,you may not go now,you may not go now,0.0,0.0
P-111_Neg_98.wav,We will not upset you.,We will not upset you.,we will not upset you,we will not upset you,0.0,0.0
P-111_Pas_438.wav,The food was cooked.,The food was cooked.,the food was cooked,the food was cooked,0.0,0.0
P-111_Pas_447.wav,The glass was broken by the child.,The glass was broken by the child.,the glass was broken by the child,the glass was broken by the child,0.0,0.0
P-111_Pas_463.wav,The vegetables are washed before cooking.,The vegetables are washed before cooking.,the vegetables are washed before cooking,the vegetables are washed before cooking,0.0,0.0
P-111_Pos_379.wav,He has a house in the village.,He has a house in the village.,he has a house in the village,he has a house in the village,0.0,0.0
P-111_Pos_382.wav,He has two brothers.,He has two brothers.,he has two brothers,he has two brothers,0.0,0.0
P-111_Pos_384.wav,They have no money.,They have no money.,they have no money,they have no money,0.0,0.0
P-111_Pos_389.wav,We have hope.,We have hope.,we have hope,we have hope,0.0,0.0
P-111_Pos_390.wav,They have a plan.,They have a plan.,they have a plan,they have a plan,0.0,0.0
P-111_Pos_402.wav,Her child has a toy.,Her child has a toy.,her child has a toy,her child has a toy,0.0,0.0
P-111_Pos_404.wav,I have work to do today.,I have work to do today.,i have work to do today,i have work to do today,0.0,0.0
P-111_Pro_245.wav,You are late.,You are late.,you are late,you are late,0.0,0.0
P-111_Pro_248.wav,They are playing.,They are playing.,they are playing,they are playing,0.0,0.0
P-111_Pro_263.wav,This belongs to her.,This belongs to her.,this belongs to her,this belongs to her,0.0,0.0
P-111_Pro_267.wav,Those are his shoes.,Those are his shoes.,those are his shoes,those are his shoes,0.0,0.0
P-111_Pro_269.wav,Go there.,Go there.,go there,go there,0.0,0.0
P-111_Pro_272.wav,They live near here.,They live near here.,they live near here,they live near here,0.0,0.0
P-111_Pro_274.wav,He came yesterday.,He came yesterday.,he came yesterday,he came yesterday,0.0,0.0
P-111_Ref_124.wav,I like myself.,I like myself.,i like myself,i like myself,0.0,0.0
P-111_Ref_133.wav,We met each other.,We met each other.,we met each other,we met each other,0.0,0.0
P-111_Ref_139.wav,The cat cleaned itself.,The cat cleaned itself.,the cat cleaned itself,the cat cleaned itself,0.0,0.0
P-111_Ref_142.wav,They prepared themselves for the exam.,They prepared themselves for the exam.,they prepared themselves for the exam,they prepared themselves for the exam,0.0,0.0
P-111_Ref_147.wav,She protected herself from the cold.,She protected herself from the cold.,she protected herself from the cold,she protected herself from the cold,0.0,0.0
P-111_Ref_149.wav,We listened to each other carefully.,We listened to each other carefully.,we listened to each other carefully,we listened to each other carefully,0.0,0.0
P-111_Simple_19.wav,"If it rains a lot, the plants will grow better.","If it rains a lot, the plants will grow better.",if it rains a lot the plants will grow better,if it rains a lot the plants will grow better,0.0,0.0
P-111_Simple_21a.wav,She (right here) wanted to sleep early.,She (right here) wanted to sleep early.,she right here wanted to sleep early,she right here wanted to sleep early,0.0,0.0
P-111_Simple_21b.wav,She (not here) wanted to sleep early.,She (not here) wanted to sleep early.,she not here wanted to sleep early,she not here wanted to sleep early,0.0,0.0
P-111_Simple_23b.wav,They (not here) are eating because they are hungry.,They (not here) are eating because they are hungry.,they not here are eating because they are hungry,they not here are eating because they are hungry,0.0,0.0
P-111_Simple_28.wav,We waited until the bus arrived.,We waited until the bus arrived.,we waited until the bus arrived,we waited until the bus arrived,0.0,0.0
P-111_Simple_4.wav,I am Ali.,I am Ali.,i am ali,i am ali,0.0,0.0
P-111_Simple_5b.wav,Her (not here) name is Fatima.,Her (not here) name is Fatima.,her not here name is fatima,her not here name is fatima,0.0,0.0
P-111_Simple_7a.wav,She (right here) saw a man.,She (right here) saw a man.,she right here saw a man,she right here saw a man,0.0,0.0
P-111_TAM_79.wav,She will walk home after sunset.,She will walk home after sunset.,she will walk home after sunset,she will walk home after sunset,0.0,0.0
P-111_TAM_80.wav,They are not walking today.,They are not walking today.,they are not walking today,they are not walking today,0.0,0.0
P-111_TAM_86.wav,We used to walk together every evening.,We used to walk together every evening.,we used to walk together every evening,we used to walk together every evening,0.0,0.0
P-111_TAM_87.wav,She has already walked to the village.,She has already walked to the village.,she has already walked to the village,she has already walked to the village,0.0,0.0
P-111_TAM_91.wav,"If it rains, we will walk later.","If it rains, we will walk later.",if it rains we will walk later,if it rains we will walk later,0.0,0.0
P-111_Val_286.wav,He broke the pot.,He broke the pot.,he broke the pot,he broke the pot,0.0,0.0
P-111_Val_291.wav,The leaves fell.,The leaves fell.,the leaves fell,the leaves fell,0.0,0.0
P-111_Val_297.wav,He went.,He went.,he went,he went,0.0,0.0
P-111_Val_303.wav,The boy slept.,The boy slept.,the boy slept,the boy slept,0.0,0.0
P-111_Val_307.wav,He swam.,He swam.,he swam,he swam,0.0,0.0
P-111_Val_310.wav,The teacher spoke to the class.,The teacher spoke to the class.,the teacher spoke to the class,the teacher spoke to the class,0.0,0.0
P-116_Ref_125.wav,We saw ourselves in the mirror.,We saw ourselves in the mirror.,we saw ourselves in the mirror,we saw ourselves in the mirror,0.0,0.0
P-116_Ref_129.wav,Who praises himself?,Who praises himself?,who praises himself,who praises himself,0.0,0.0
P-116_Simple_1.wav,I like mangoes.,I like mangoes.,i like mangoes,i like mangoes,0.0,0.0
P-116_Simple_12a.wav,He (right here) saw that they are playing with a stone.,He (right here) saw that they are playing with a stone.,he right here saw that they are playing with a stone,he right here saw that they are playing with a stone,0.0,0.0
P-116_Simple_12b.wav,He (not here) saw that they are playing with a stone.,He (not here) saw that they are playing with a stone.,he not here saw that they are playing with a stone,he not here saw that they are playing with a stone,0.0,0.0
P-116_Simple_5a.wav,Her (right here) name is Fatima.,Her (right here) name is Fatima.,her right here name is fatima,her right here name is fatima,0.0,0.0
P-116_Simple_8b.wav,He (not here) met a new teacher at school.,He (not here) met a new teacher at school.,he not here met a new teacher at school,he not here met a new teacher at school,0.0,0.0
P-118_Adp_407.wav,She is in the room.,She is in the room.,she is in the room,she is in the room,0.0,0.0
P-118_Adp_424.wav,She arrived from the city.,She arrived from the city.,she arrived from the city,she arrived from the city,0.0,0.0
P-118_Adp_426.wav,He cut the fruit with a knife.,He cut the fruit with a knife.,he cut the fruit with a knife,he cut the fruit with a knife,0.0,0.0
P-118_Adp_427.wav,She swept the floor with a broom.,She swept the floor with a broom.,she swept the floor with a broom,she swept the floor with a broom,0.0,0.0
P-118_Adp_428.wav,They built the wall with stones.,They built the wall with stones.,they built the wall with stones,they built the wall with stones,0.0,0.0
P-118_Case_32.wav,She (right here) hit the bear.,She (right here) hit the bear.,she right here hit the bear,she right here hit the bear,0.0,0.0
P-118_Case_40.wav,Father bought a toy for his son.,Father bought a toy for his son.,father bought a toy for his son,father bought a toy for his son,0.0,0.0
P-118_Case_41.wav,He is working only for his family.,He is working only for his family.,he is working only for his family,he is working only for his family,0.0,0.0
P-118_Case_49.wav,She broke the nut with a stone.,She broke the nut with a stone.,she broke the nut with a stone,she broke the nut with a stone,0.0,0.0
P-118_Case_52.wav,Fatima lives in Pakistan.,Fatima lives in Pakistan.,fatima lives in pakistan,fatima lives in pakistan,0.0,0.0
P-118_Case_53.wav,Leaves are falling down from the tree.,Leaves are falling down from the tree.,leaves are falling down from the tree,leaves are falling down from the tree,0.0,0.0
P-118_Case_57.wav,Last year it had rained in October.,Last year it had rained in October.,last year it had rained in october,last year it had rained in october,0.0,0.0
P-118_Case_59.wav,I will play with my brother.,I will play with my brother.,i will play with my brother,i will play with my brother,0.0,0.0
P-118_Case_62.wav,He cut the meat with a knife.,He cut the meat with a knife.,he cut the meat with a knife,he cut the meat with a knife,0.0,0.0
P-118_Case_63.wav,The children came from the river.,The children came from the river.,the children came from the river,the children came from the river,0.0,0.0
P-118_Case_64.wav,She cooked food for her brother.,She cooked food for her brother.,she cooked food for her brother,she cooked food for her brother,0.0,0.0
P-118_Cau_329.wav,She made him wash the dishes.,She made him take the step.,she made him wash the dishes,she made him take the step,33.33,25.0
P-118_Cau_337.wav,The doctor made me take medicine.,The bear did not eat anything.,the doctor made me take medicine,the bear did not eat anything,83.33,62.5
P-118_Cau_344.wav,The teacher made them read the story again.,The teacher made them read the story again.,the teacher made them read the story again,the teacher made them read the story again,0.0,0.0
P-118_Cls_185.wav,People have gathered here.,People have gathered here.,people have gathered here,people have gathered here,0.0,0.0
P-118_Cls_186.wav,Dogs are barking.,Dogs are barking.,dogs are barking,dogs are barking,0.0,0.0
P-118_Cls_188.wav,This is a wooden door.,This is a wooden door.,this is a wooden door,this is a wooden door,0.0,0.0
P-118_Cls_189.wav,We need an electric wire.,We need an electric wire.,we need an electric wire,we need an electric wire,0.0,0.0
P-118_Cls_190.wav,This log of wood is thick.,This log of wood is thick.,this log of wood is thick,this log of wood is thick,0.0,0.0
P-118_Cls_199.wav,There are two books on the table.,There are two books on the table.,there are two books on the table,there are two books on the table,0.0,0.0
P-118_Cls_206.wav,Bring two cups of water.,Bring two cups of water.,bring two cups of water,bring two cups of water,0.0,0.0
P-118_Cls_207.wav,He bought three pieces of cloth.,He bought three pieces of cloth.,he bought three pieces of cloth,he bought three pieces of cloth,0.0,0.0
P-118_ECV_154.wav,She has gone outside the house.,She has gone outside the house.,she has gone outside the house,she has gone outside the house,0.0,0.0
P-118_ECV_155.wav,He broke the car.,He broke the car.,he broke the car,he broke the car,0.0,0.0
P-118_ECV_160.wav,He cleaned up the room.,He cleaned up the room.,he cleaned up the room,he cleaned up the room,0.0,0.0
P-118_ECV_163.wav,Go and see.,Go and see.,go and see,go and see,0.0,0.0
P-118_ECV_166.wav,"Having eaten this food, he went to sleep.",Having this food made him sleepy.,having eaten this food he went to sleep,having this food made him sleepy,62.5,41.03
P-118_ECV_179.wav,They sat together and talked for a long time.,They sat together and talked for a long time.,they sat together and talked for a long time,they sat together and talked for a long time,0.0,0.0
P-118_ECV_183.wav,"After finishing the meeting, we went home.","After finishing the meeting, we went home.",after finishing the meeting we went home,after finishing the meeting we went home,0.0,0.0
P-118_Imp_469.wav,Stand up.,Stand up.,stand up,stand up,0.0,0.0
P-118_Imp_470.wav,Listen to me.,Listen to me.,listen to me,listen to me,0.0,0.0
P-118_Imp_473.wav,Write your name.,Write your name.,write your name,write your name,0.0,0.0
P-118_Imp_477.wav,Give me that book.,Give me that book.,give me that book,give me that book,0.0,0.0
P-118_Imp_484.wav,Do not run inside.,Do not run inside.,do not run inside,do not run inside,0.0,0.0
P-118_Imp_489.wav,Eat and sleep.,Eat and sleep.,eat and sleep,eat and sleep,0.0,0.0
P-118_Imp_490.wav,Wash your hands before eating.,Wash your hands before eating.,wash your hands before eating,wash your hands before eating,0.0,0.0
P-118_Imp_491.wav,Please wait a moment.,Please wait a moment.,please wait a moment,please wait a moment,0.0,0.0
P-118_Imp_492.wav,Please help the children.,Please help the children.,please help the children,please help the children,0.0,0.0
P-118_Imp_494.wav,Let them speak.,Let them speak.,let them speak,let them speak,0.0,0.0
P-118_Imp_499.wav,Keep the door open.,Keep the door open.,keep the door open,keep the door open,0.0,0.0
P-118_Imp_500.wav,Bring me your notes tomorrow.,Bring me your notes tomorrow.,bring me your notes tomorrow,bring me your notes tomorrow,0.0,0.0
P-118_Int_215.wav,Where are you going?,Where are you going?,where are you going,where are you going,0.0,0.0
P-118_Int_235.wav,Where should we meet?,Where should we meet?,where should we meet,where should we meet,0.0,0.0
P-118_Int_237.wav,Are you feeling better now?,Are you feeling better now?,are you feeling better now,are you feeling better now,0.0,0.0
P-118_Int_243.wav,What do you want to buy?,What do you want to buy?,what do you want to buy,what do you want to buy,0.0,0.0
P-118_Int_348.wav,When will she arrive?,When will she arrive?,when will she arrive,when will she arrive,0.0,0.0
P-118_Int_349.wav,Why are you crying?,What are you doing?,why are you crying,what are you doing,50.0,27.78
P-118_Int_356.wav,What did he break?,What did he break?,what did he break,what did he break,0.0,0.0
P-118_Int_358.wav,What are they looking at?,What are they looking at?,what are they looking at,what are they looking at,0.0,0.0
P-118_Int_360.wav,Who gave you money?,Who gave you money?,who gave you money,who gave you money,0.0,0.0
P-118_Int_361.wav,What are they doing with the knife?,What are they doing with the knife?,what are they doing with the knife,what are they doing with the knife,0.0,0.0
P-118_Int_363.wav,Who are you going with?,Who are you going with?,who are you going with,who are you going with,0.0,0.0
P-118_Int_372.wav,Did he not see them?,Did he not see them?,did he not see them,did he not see them,0.0,0.0
P-118_Neg_103.wav,I had not eaten yet.,I had not eaten yet.,i had not eaten yet,i had not eaten yet,0.0,0.0
P-118_Neg_107.wav,I do not know.,I do not know.,i do not know,i do not know,0.0,0.0
P-118_Neg_108.wav,Do not enter.,Do not enter.,do not enter,do not enter,0.0,0.0
P-118_Neg_109.wav,I have no money.,I have no money.,i have no money,i have no money,0.0,0.0
P-118_Neg_110.wav,I did not play today.,I did not play today.,i did not play today,i did not play today,0.0,0.0
P-118_Neg_115.wav,I don’t see her anymore.,I don’t see her anymore.,i don’t see her anymore,i don’t see her anymore,0.0,0.0
P-118_Pas_438.wav,The food was cooked.,The food was cooked.,the food was cooked,the food was cooked,0.0,0.0
P-118_Pas_443.wav,The letter was written by my brother.,The letter was written by my brother.,the letter was written by my brother,the letter was written by my brother,0.0,0.0
P-118_Pas_447.wav,The glass was broken by the child.,The glass was broken by the child.,the glass was broken by the child,the glass was broken by the child,0.0,0.0
P-118_Pas_448.wav,The rice will be cooked.,The rice will be cooked.,the rice will be cooked,the rice will be cooked,0.0,0.0
P-118_Pas_449.wav,The room will be cleaned soon.,The room cleaned by the workers.,the room will be cleaned soon,the room cleaned by the workers,66.67,62.07
P-118_Pas_452.wav,The girl was taught by her mother.,The girl was taught by her mother.,the girl was taught by her mother,the girl was taught by her mother,0.0,0.0
P-118_Pas_458.wav,The plan was changed at the last minute.,The plan was changed at the last minute.,the plan was changed at the last minute,the plan was changed at the last minute,0.0,0.0
P-118_Pas_465.wav,The story was told by the teacher.,The story was told by the teacher.,the story was told by the teacher,the story was told by the teacher,0.0,0.0
P-118_Pos_379.wav,He has a house in the village.,He has a house in the village.,he has a house in the village,he has a house in the village,0.0,0.0
P-118_Pos_385.wav,I have some time today.,I have some time today.,i have some time today,i have some time today,0.0,0.0
P-118_Pos_389.wav,We have hope.,We have hope.,we have hope,we have hope,0.0,0.0
P-118_Pos_390.wav,They have a plan.,They have a plan.,they have a plan,they have a plan,0.0,0.0
P-118_Pos_393.wav,The house has a small garden.,The house has a small garden.,the house has a small garden,the house has a small garden,0.0,0.0
P-118_Pos_395.wav,The tree has long branches.,The tree has long branches.,the tree has long branches,the tree has long branches,0.0,0.0
P-118_Pro_245.wav,You are late.,You are late.,you are late,you are late,0.0,0.0
P-118_Pro_255.wav,That is your book.,That is your book.,that is your book,that is your book,0.0,0.0
P-118_Pro_263.wav,This belongs to her.,This belongs to her.,this belongs to her,this belongs to her,0.0,0.0
P-118_Pro_268.wav,Come here.,Come here.,come here,come here,0.0,0.0
P-118_Pro_275.wav,She will go tomorrow.,She will go tomorrow.,she will go tomorrow,she will go tomorrow,0.0,0.0
P-118_Pro_276.wav,I will start now.,I will start now.,i will start now,i will start now,0.0,0.0
P-118_Pro_279.wav,Tomorrow we will go.,Tomorrow we will go.,tomorrow we will go,tomorrow we will go,0.0,0.0
P-118_Ref_130.wav,They told me about themselves.,They told me about themselves.,they told me about themselves,they told me about themselves,0.0,0.0
P-118_Ref_131.wav,The door opened by itself.,The door opened by itself.,the door opened by itself,the door opened by itself,0.0,0.0
P-118_Ref_133.wav,We met each other.,We met each other.,we met each other,we met each other,0.0,0.0
P-118_Ref_135.wav,She spoke to herself quietly.,She spoke to herself quietly.,she spoke to herself quietly,she spoke to herself quietly,0.0,0.0
P-118_Ref_139.wav,The cat cleaned itself.,The cat cleaned itself.,the cat cleaned itself,the cat cleaned itself,0.0,0.0
P-118_Ref_140.wav,She taught herself to read.,She taught herself to read.,she taught herself to read,she taught herself to read,0.0,0.0
P-118_Ref_149.wav,We listened to each other carefully.,We listened to each other carefully.,we listened to each other carefully,we listened to each other carefully,0.0,0.0
P-118_Ref_151.wav,The birds called to each other.,The birds called to each other.,the birds called to each other,the birds called to each other,0.0,0.0
P-118_Simple_12a.wav,He (right here) saw that they are playing with a stone.,He (right here) saw that they are playing with a stone.,he right here saw that they are playing with a stone,he right here saw that they are playing with a stone,0.0,0.0
P-118_Simple_14.wav,I want to go to the town tonight.,I want to go to the town tonight.,i want to go to the town tonight,i want to go to the town tonight,0.0,0.0
P-118_Simple_15.wav,I know that tomorrow is a holiday.,I know that tomorrow is a holiday.,i know that tomorrow is a holiday,i know that tomorrow is a holiday,0.0,0.0
P-118_Simple_2.wav,The monkey is on the tree.,The monkey is on the tree.,the monkey is on the tree,the monkey is on the tree,0.0,0.0
P-118_Simple_21a.wav,She (right here) wanted to sleep early.,She (right here) wanted to sleep early.,she right here wanted to sleep early,she right here wanted to sleep early,0.0,0.0
P-118_Simple_26.wav,I told him (not here) that she is my sister.,I told him (not here) that she is my sister.,i told him not here that she is my sister,i told him not here that she is my sister,0.0,0.0
P-118_Simple_5b.wav,Her (not here) name is Fatima.,Her (not here) name is Fatima.,her not here name is fatima,her not here name is fatima,0.0,0.0
P-118_Simple_7a.wav,She (right here) saw a man.,She (right here) saw a man.,she right here saw a man,she right here saw a man,0.0,0.0
P-118_Simple_7b.wav,She (not here) saw a man.,She (not here) saw a man.,she not here saw a man,she not here saw a man,0.0,0.0
P-118_Simple_8a.wav,He (right here) met a new teacher at school.,He (right here) met a new teacher at school.,he right here met a new teacher at school,he right here met a new teacher at school,0.0,0.0
P-118_TAM_66.wav,I was walking.,I was walking.,i was walking,i was walking,0.0,0.0
P-118_TAM_74.wav,We could walk anywhere.,We could walk anywhere.,we could walk anywhere,we could walk anywhere,0.0,0.0
P-118_TAM_77.wav,She goes to the market daily.,She goes to the market daily.,she goes to the market daily,she goes to the market daily,0.0,0.0
P-118_TAM_78.wav,She is walking very slowly now.,She is walking very slowly now.,she is walking very slowly now,she is walking very slowly now,0.0,0.0
P-118_TAM_85.wav,I was not walking when you called me.,I was not walking when you called me.,i was not walking when you called me,i was not walking when you called me,0.0,0.0
P-118_TAM_93.wav,They might have walked without us.,They might have walked without us.,they might have walked without us,they might have walked without us,0.0,0.0
P-118_Val_282.wav,He opened the door.,He opened the door.,he opened the door,he opened the door,0.0,0.0
P-118_Val_284.wav,The mother woke the child up.,The mother woke the child up.,the mother woke the child up,the mother woke the child up,0.0,0.0
P-118_Val_286.wav,He broke the pot.,He blew the candle.,he broke the pot,he blew the candle,50.0,62.5
P-118_Val_290.wav,They turned off the light.,They turned off the light.,they turned off the light,they turned off the light,0.0,0.0
P-118_Val_296.wav,The man ran.,The man ran.,the man ran,the man ran,0.0,0.0
P-118_Val_297.wav,He went.,He went.,he went,he went,0.0,0.0
P-118_Val_300.wav,The noise made the baby cry.,They talked for a long time.,the noise made the baby cry,they talked for a long time,100.0,77.78
P-118_Val_301.wav,The fire burned.,The fire burned.,the fire burned,the fire burned,0.0,0.0
P-118_Val_307.wav,He swam.,He swam.,he swam,he swam,0.0,0.0
P-118_Val_310.wav,The teacher spoke to the class.,The teacher spoke to the students.,the teacher spoke to the class,the teacher spoke to the students,16.67,23.33
P-118_Val_314.wav,She rolled the ball toward him.,She rolled the ball toward him.,she rolled the ball toward him,she rolled the ball toward him,0.0,0.0
P-121_Adp_408.wav,They are on the roof.,They are on the roof.,they are on the roof,they are on the roof,0.0,0.0
P-121_Adp_413.wav,Put the shoes near the door.,Put the shoes near the door.,put the shoes near the door,put the shoes near the door,0.0,0.0
P-121_Adp_414.wav,The children are inside the school.,The children are inside the school.,the children are inside the school,the children are inside the school,0.0,0.0
P-121_Adp_417.wav,They are sitting beside me.,They are sitting beside me.,they are sitting beside me,they are sitting beside me,0.0,0.0
P-121_Adp_419.wav,He ran to the house.,He ran to the house.,he ran to the house,he ran to the house,0.0,0.0
P-121_Adp_423.wav,The water flows from the pipe.,The water flows from the pipe.,the water flows from the pipe,the water flows from the pipe,0.0,0.0
P-121_Adp_426.wav,He cut the fruit with a knife.,He cut the fruit with a knife.,he cut the fruit with a knife,he cut the fruit with a knife,0.0,0.0
P-121_Adp_435.wav,He put the cup on top of the shelf.,He put the cup on top of the shelf.,he put the cup on top of the shelf,he put the cup on top of the shelf,0.0,0.0
P-121_Case_33.wav,The boy broke the pot.,The boy broke the pot.,the boy broke the pot,the boy broke the pot,0.0,0.0
P-121_Case_36.wav,They (not here) love us.,They (not here) love us.,they not here love us,they not here love us,0.0,0.0
P-121_Case_61.wav,My friend’s sister was ill.,My friend’s sister was ill.,my friend’s sister was ill,my friend’s sister was ill,0.0,0.0
P-121_Case_62.wav,He cut the meat with a knife.,He cut the meat with a knife.,he cut the meat with a knife,he cut the meat with a knife,0.0,0.0
P-121_Case_63.wav,The children came from the river.,The children came from the river.,the children came from the river,the children came from the river,0.0,0.0
P-121_Cau_316.wav,Mother made me go outside.,Mother made me go outside.,mother made me go outside,mother made me go outside,0.0,0.0
P-121_Cau_323.wav,The house was burnt by the thieves.,The house was burnt by the thieves.,the house was burnt by the thieves,the house was burnt by the thieves,0.0,0.0
P-121_Cau_327.wav,He made the child sit quietly.,He made the child sit quietly.,he made the child sit quietly,he made the child sit quietly,0.0,0.0
P-121_Cau_328.wav,They made me wait outside.,They made me wait outside.,they made me wait outside,they made me wait outside,0.0,0.0
P-121_Cau_331.wav,He made her open the door.,He made her open the door.,he made her open the door,he made her open the door,0.0,0.0
P-121_Cau_333.wav,The rain made the road muddy.,The rain made the road muddy.,the rain made the road muddy,the rain made the road muddy,0.0,0.0
P-121_Cau_334.wav,The cold weather made him sick.,The cold weather made him sick.,the cold weather made him sick,the cold weather made him sick,0.0,0.0
P-121_Cau_344.wav,The teacher made them read the story again.,The teacher made them read the story again.,the teacher made them read the story again,the teacher made them read the story again,0.0,0.0
P-121_Cls_185.wav,People have gathered here.,People have gathered here.,people have gathered here,people have gathered here,0.0,0.0
P-121_Cls_193.wav,I came by boat.,I came by boat.,i came by boat,i came by boat,0.0,0.0
P-121_Cls_197.wav,Tie them with a rope.,Tie them with a rope.,tie them with a rope,tie them with a rope,0.0,0.0
P-121_Cls_199.wav,There are two books on the table.,There are two books on the table.,there are two books on the table,there are two books on the table,0.0,0.0
P-121_Cls_200.wav,The labourer needs fifty stones to build a house.,The labourer needs fifty stones to build a house.,the labourer needs fifty stones to build a house,the labourer needs fifty stones to build a house,0.0,0.0
P-121_Cls_202.wav,Give me one apple.,Give me one apple.,give me one apple,give me one apple,0.0,0.0
P-121_Cls_204.wav,I need ten dresses.,I need ten dresses.,i need ten dresses,i need ten dresses,0.0,0.0
P-121_Cls_205.wav,She ate four oranges.,She ate four oranges.,she ate four oranges,she ate four oranges,0.0,0.0
P-121_Cls_209.wav,She picked six small stones.,She picked six small stones.,she picked six small stones,she picked six small stones,0.0,0.0
P-121_Cls_210.wav,They carried ten bags of rice.,They carried ten bags of rice.,they carried ten bags of rice,they carried ten bags of rice,0.0,0.0
P-121_Cls_212.wav,Give me one long stick.,Give me one long stick.,give me one long stick,give me one long stick,0.0,0.0
P-121_ECV_161.wav,She called me.,She called me.,she called me,she called me,0.0,0.0
P-121_ECV_169.wav,"He came, sat, ate and went away.","He came, sat, ate and went away.",he came sat ate and went away,he came sat ate and went away,0.0,0.0
P-121_ECV_179.wav,They sat together and talked for a long time.,They sat together and talked for a long time.,they sat together and talked for a long time,they sat together and talked for a long time,0.0,0.0
P-121_ECV_180.wav,He looked at me and smiled.,He looked at me and smiled.,he looked at me and smiled,he looked at me and smiled,0.0,0.0
P-121_ECV_183.wav,"After finishing the meeting, we went home.","After finishing the meeting, we went home.",after finishing the meeting we went home,after finishing the meeting we went home,0.0,0.0
P-121_Imp_471.wav,Look at me.,Look at me.,look at me,look at me,0.0,0.0
P-121_Imp_480.wav,Speak slowly.,Speak slowly.,speak slowly,speak slowly,0.0,0.0
P-121_Imp_487.wav,Sit and listen.,Sit and listen.,sit and listen,sit and listen,0.0,0.0
P-121_Imp_490.wav,Wash your hands before eating.,Wash your hands before eating.,wash your hands before eating,wash your hands before eating,0.0,0.0
P-121_Imp_495.wav,Let her sit here.,Let her sit here.,let her sit here,let her sit here,0.0,0.0
P-121_Imp_496.wav,Bring the children inside.,Bring the children inside.,bring the children inside,bring the children inside,0.0,0.0
P-121_Imp_497.wav,Stop talking and listen.,Stop talking and listen.,stop talking and listen,stop talking and listen,0.0,0.0
P-121_Int_217.wav,Why are you late?,Why are you late?,why are you late,why are you late,0.0,0.0
P-121_Int_219.wav,How did you fall?,How did you fall?,how did you fall,how did you fall,0.0,0.0
P-121_Int_223.wav,Can you help me?,Can you help me?,can you help me,can you help me,0.0,0.0
P-121_Int_230.wav,Do you have money?,Do you have money?,do you have money,do you have money,0.0,0.0
P-121_Int_234.wav,What are they doing?,What are they doing?,what are they doing,what are they doing,0.0,0.0
P-121_Int_241.wav,How can I solve this problem?,How can I solve this problem?,how can i solve this problem,how can i solve this problem,0.0,0.0
P-121_Int_242.wav,Will you walk with me?,Will you walk with me?,will you walk with me,will you walk with me,0.0,0.0
P-121_Int_347.wav,Who came yesterday?,Who came yesterday?,who came yesterday,who came yesterday,0.0,0.0
P-121_Int_349.wav,Why are you crying?,What are you doing?,why are you crying,what are you doing,50.0,27.78
P-121_Int_359.wav,Whom did she meet there?,Whom did she meet there?,whom did she meet there,whom did she meet there,0.0,0.0
P-121_Int_363.wav,Who are you going with?,Who are you going with?,who are you going with,who are you going with,0.0,0.0
P-121_Int_366.wav,Whose child is this?,Whose child is this?,whose child is this,whose child is this,0.0,0.0
P-121_Int_371.wav,Why didn’t you tell me?,Why didn’t you tell me?,why didn’t you tell me,why didn’t you tell me,0.0,0.0
P-121_Int_373.wav,Don’t they know the truth?,Don’t they know the truth?,don’t they know the truth,don’t they know the truth,0.0,0.0
P-121_Int_375.wav,Where did he go?,Where did he go?,where did he go,where did he go,0.0,0.0
P-121_Neg_100.wav,I didn’t eat yesterday.,I didn’t eat yesterday.,i didn’t eat yesterday,i didn’t eat yesterday,0.0,0.0
P-121_Neg_102.wav,I have not eaten.,I have not eaten.,i have not eaten,i have not eaten,0.0,0.0
P-121_Neg_110.wav,I did not play today.,I did not play today.,i did not play today,i did not play today,0.0,0.0
P-121_Neg_112.wav,I don’t think he will come.,I don’t think he will come.,i don’t think he will come,i don’t think he will come,0.0,0.0
P-121_Neg_114.wav,She did not eat anything yesterday.,She did not eat anything yesterday.,she did not eat anything yesterday,she did not eat anything yesterday,0.0,0.0
P-121_Neg_118.wav,Ali is nowhere in the village.,Ali is nowhere in the village.,ali is nowhere in the village,ali is nowhere in the village,0.0,0.0
P-121_Neg_120.wav,None of the children came.,None of the children came.,none of the children came,none of the children came,0.0,0.0
P-121_Neg_96.wav,He cannot sing.,He cannot sing.,he cannot sing,he cannot sing,0.0,0.0
P-121_Neg_99.wav,You must not move now.,You must not move now.,you must not move now,you must not move now,0.0,0.0
P-121_Pas_437.wav,The door was opened by the boy.,The door was opened by the boy.,the door was opened by the boy,the door was opened by the boy,0.0,0.0
P-121_Pas_439.wav,The food was cooked by her.,The food was cooked by her.,the food was cooked by her,the food was cooked by her,0.0,0.0
P-121_Pas_443.wav,The letter was written by my brother.,The letter was written by my brother.,the letter was written by my brother,the letter was written by my brother,0.0,0.0
P-121_Pas_445.wav,The road was cleaned by the workers.,The road was cleaned by the workers.,the road was cleaned by the workers,the road was cleaned by the workers,0.0,0.0
P-121_Pas_449.wav,The room will be cleaned soon.,The room will be cleaned soon.,the room will be cleaned soon,the room will be cleaned soon,0.0,0.0
P-121_Pas_450.wav,The work will be finished by tomorrow.,The work will be finished by tomorrow.,the work will be finished by tomorrow,the work will be finished by tomorrow,0.0,0.0
P-121_Pas_459.wav,The gifts were given to the children.,The gifts were given to the children.,the gifts were given to the children,the gifts were given to the children,0.0,0.0
P-121_Pas_460.wav,The meeting was canceled.,The meeting was canceled.,the meeting was canceled,the meeting was canceled,0.0,0.0
P-121_Pas_462.wav,The thief was caught by the police.,The thief was caught by the police.,the thief was caught by the police,the thief was caught by the police,0.0,0.0
P-121_Pas_464.wav,The bridge was destroyed by the flood.,The bridge was destroyed by the flood.,the bridge was destroyed by the flood,the bridge was destroyed by the flood,0.0,0.0
P-121_Pos_392.wav,The school has many teachers.,The school has many teachers.,the school has many teachers,the school has many teachers,0.0,0.0
P-121_Pos_399.wav,The classroom has big windows.,The classroom has big windows.,the classroom has big windows,the classroom has big windows,0.0,0.0
P-121_Pro_248.wav,They are playing.,They are playing.,they are playing,they are playing,0.0,0.0
P-121_Pro_251.wav,She gave it to me.,She gave it to me.,she gave it to me,she gave it to me,0.0,0.0
P-121_Pro_254.wav,This is my house.,This is my house.,this is my house,this is my house,0.0,0.0
P-121_Pro_255.wav,That is your book.,That is your book.,that is your book,that is your book,0.0,0.0
P-121_Pro_260.wav,He brought food for them.,He brought food for them.,he brought food for them,he brought food for them,0.0,0.0
P-121_Pro_267.wav,Those are his shoes.,Those are his shoes.,those are his shoes,those are his shoes,0.0,0.0
P-121_Pro_272.wav,They live near here.,They live near here.,they live near here,they live near here,0.0,0.0
P-121_Pro_274.wav,He came yesterday.,He came yesterday.,he came yesterday,he came yesterday,0.0,0.0
P-121_Pro_279.wav,Tomorrow we will go.,Tomorrow we will go.,tomorrow we will go,tomorrow we will go,0.0,0.0
P-121_Ref_127.wav,Maryam bought a dress for herself.,Maryam bought a dress for herself.,maryam bought a dress for herself,maryam bought a dress for herself,0.0,0.0
P-121_Ref_133.wav,We met each other.,We met each other.,we met each other,we met each other,0.0,0.0
P-121_Ref_134.wav,They follow each other.,They follow each other.,they follow each other,they follow each other,0.0,0.0
P-121_Ref_143.wav,The machine stopped by itself.,The machine stopped by itself.,the machine stopped by itself,the machine stopped by itself,0.0,0.0
P-121_Ref_144.wav,He closed the door by himself.,He closed the door by himself.,he closed the door by himself,he closed the door by himself,0.0,0.0
P-121_Ref_147.wav,She protected herself from the cold.,She protected herself from the cold.,she protected herself from the cold,she protected herself from the cold,0.0,0.0
P-121_Ref_153.wav,They hugged each other and cried.,They hugged each other and cried.,they hugged each other and cried,they hugged each other and cried,0.0,0.0
P-121_Simple_10.wav,Today is Monday.,Today is Monday.,today is monday,today is monday,0.0,0.0
P-121_Simple_16.wav,He (right here) tried to feed the elephant.,He (right here) wanted to sleep early.,he right here tried to feed the elephant,he right here wanted to sleep early,50.0,42.5
P-121_Simple_17.wav,It was raining so I could not go to the field.,It was raining so I could not go to the field.,it was raining so i could not go to the field,it was raining so i could not go to the field,0.0,0.0
P-121_Simple_25.wav,He (right here) will study after he reaches home.,He (right here) will study after he reaches home.,he right here will study after he reaches home,he right here will study after he reaches home,0.0,0.0
P-121_Simple_29.wav,"Although it was late, they (not here) kept working.","Although it was late, they (not here) kept working.",although it was late they not here kept working,although it was late they not here kept working,0.0,0.0
P-121_Simple_4.wav,I am Ali.,I am Ali.,i am ali,i am ali,0.0,0.0
P-121_Simple_5a.wav,Her (right here) name is Fatima.,Her (right here) name is Fatima.,her right here name is fatima,her right here name is fatima,0.0,0.0
P-121_Simple_8a.wav,He (right here) met a new teacher at school.,He (right here) met a new teacher at school.,he right here met a new teacher at school,he right here met a new teacher at school,0.0,0.0
P-121_Simple_8b.wav,He (not here) met a new teacher at school.,He (not here) met a new teacher at school.,he not here met a new teacher at school,he not here met a new teacher at school,0.0,0.0
P-121_Simple_9.wav,It is raining.,It is raining.,it is raining,it is raining,0.0,0.0
P-121_TAM_65.wav,I am walking to field now.,I am walking to field now.,i am walking to field now,i am walking to field now,0.0,0.0
P-121_TAM_68.wav,I walk to the field every day.,I walk to the field every day.,i walk to the field every day,i walk to the field every day,0.0,0.0
P-121_TAM_69.wav,I will go to Karachi on Sunday.,I will go to Karachi on Sunday.,i will go to karachi on sunday,i will go to karachi on sunday,0.0,0.0
P-121_TAM_70.wav,I will not walk to school.,I will not walk to school.,i will not walk to school,i will not walk to school,0.0,0.0
P-121_TAM_75.wav,You walk to school daily.,You walk to school daily.,you walk to school daily,you walk to school daily,0.0,0.0
P-121_TAM_88.wav,They had walked far before it started raining.,They had walked far before it started raining.,they had walked far before it started raining,they had walked far before it started raining,0.0,0.0
P-121_TAM_92.wav,Jemal is not walking tomorrow.,Jemal is not walking tomorrow.,jemal is not walking tomorrow,jemal is not walking tomorrow,0.0,0.0
P-121_Val_290.wav,They turned off the light.,They turned off the light.,they turned off the light,they turned off the light,0.0,0.0
P-121_Val_292.wav,The boy fell.,The boy fell.,the boy fell,the boy fell,0.0,0.0
P-121_Val_300.wav,The noise made the baby cry.,The noise made the baby cry.,the noise made the baby cry,the noise made the baby cry,0.0,0.0
P-121_Val_302.wav,They burned the firewood.,They burned the firewood.,they burned the firewood,they burned the firewood,0.0,0.0
P-121_Val_306.wav,She fed the child rice.,She fed the child rice.,she fed the child rice,she fed the child rice,0.0,0.0
P-121_Val_310.wav,The teacher spoke to the class.,The teacher spoke to the class.,the teacher spoke to the class,the teacher spoke to the class,0.0,0.0
P-121_Val_311.wav,The window opened by itself.,The window opened by itself.,the window opened by itself,the window opened by itself,0.0,0.0
common_voice_bsk_41895890.wav,She gave birth to a boy,She gave birth to a boy.,she gave birth to a boy,she gave birth to a boy,0.0,0.0
common_voice_bsk_41895892.wav,At least one should keep trying,One should not sit quietly.,at least one should keep trying,one should not sit quietly,83.33,70.97
common_voice_bsk_41895898.wav,They cost 15 rupees,There are ten five stars.,they cost 15 rupees,there are ten five stars,125.0,89.47
common_voice_bsk_41895926.wav,My house is much bigger than your house,My house is bigger than your house,my house is much bigger than your house,my house is bigger than your house,12.5,12.82
common_voice_bsk_41895928.wav,I am boy,I am a boy,i am boy,i am a boy,33.33,25.0
common_voice_bsk_41895931.wav,He made her cry,He made her cry,he made her cry,he made her cry,0.0,0.0
common_voice_bsk_41895933.wav,My throat is hurting,I have a sore throat,my throat is hurting,i have a sore throat,125.0,90.0
common_voice_bsk_41895934.wav,I left because you didn’t come,I went to the toilet when you didn’t come,i left because you didn’t come,i went to the toilet when you didn’t come,83.33,60.0
common_voice_bsk_41895955.wav,Talk to me,Talk to me.,talk to me,talk to me,0.0,0.0
common_voice_bsk_41895961.wav,"Turning back, it flew and sat again on the walnut tree",It flew back and perched on the walnut tree.,turning back it flew and sat again on the walnut tree,it flew back and perched on the walnut tree,45.45,45.28
common_voice_bsk_41895964.wav,She listened to me,She listened to me,she listened to me,she listened to me,0.0,0.0
common_voice_bsk_41895965.wav,There are four sheeps,There are four sheeps,there are four sheeps,there are four sheeps,0.0,0.0
common_voice_bsk_41895993.wav,We belong to Ashurjan family,We belong to the Ashur Jan clan,we belong to ashurjan family,we belong to the ashur jan clan,80.0,39.29
common_voice_bsk_41896001.wav,I flew the bird,I made the bird fly,i flew the bird,i made the bird fly,50.0,53.33
common_voice_bsk_41896004.wav,Will ask questions,We will ask questions.,will ask questions,we will ask questions,33.33,16.67
common_voice_bsk_41896033.wav,The water spilled from the glass,The water spilled out of the glass,the water spilled from the glass,the water spilled out of the glass,33.33,15.62
common_voice_bsk_41896037.wav,Is there something cheaper than these?,Are there cheaper options than these?,is there something cheaper than these,are there cheaper options than these,50.0,48.65
common_voice_bsk_41896042.wav,"It’s so hot, it’s burning",It’s warm and cozy here,it’s so hot it’s burning,it’s warm and cozy here,80.0,70.83
common_voice_bsk_41896051.wav,I didn't eat food,I did not eat the food,i didnt eat food,i did not eat the food,75.0,37.5
common_voice_bsk_41896058.wav,He said in anger; Go away!!,"He got angry and said, ""Go away!""",he said in anger go away,he got angry and said go away,66.67,58.33
common_voice_bsk_41896069.wav,I don’t want biscuit,"No biscuits for me, thanks",i don’t want biscuit,no biscuits for me thanks,125.0,110.0
common_voice_bsk_41896071.wav,You have to give me,You have to give it to me,you have to give me,you have to give it to me,40.0,31.58
common_voice_bsk_41896072.wav,I am sad,I am sad,i am sad,i am sad,0.0,0.0
common_voice_bsk_41896073.wav,Don’t listen to me,Don’t listen to me,don’t listen to me,don’t listen to me,0.0,0.0
common_voice_bsk_41896083.wav,It’s salty,This is salty,it’s salty,this is salty,100.0,50.0
common_voice_bsk_41896084.wav,"When you will come out of the Mosque, at its right side you will see hospital","After coming out of the mosque, I saw the hospital on my right side.",when you will come out of the mosque at its right side you will see hospital,after coming out of the mosque i saw the hospital on my right side,75.0,60.53
common_voice_bsk_41910039.wav,It’s two glasses of water,There are two glasses of water.,it’s two glasses of water,there are two glasses of water,40.0,36.0
common_voice_bsk_41910041.wav,Ask her a question,Ask her a question,ask her a question,ask her a question,0.0,0.0
common_voice_bsk_41910043.wav,I listened to a tune,I listened to a tune,i listened to a tune,i listened to a tune,0.0,0.0
common_voice_bsk_41910053.wav,The bird flew,The bird flew.,the bird flew,the bird flew,0.0,0.0
common_voice_bsk_41910055.wav,Sitting in the sun in winter is so sweet,It is good to sit in the sun during winters.,sitting in the sun in winter is so sweet,it is good to sit in the sun during winters,100.0,72.5
common_voice_bsk_41910059.wav,She sat / she stayed,She sat,she sat she stayed,she sat,50.0,61.11
common_voice_bsk_41910061.wav,the flowers have bloomed,The flower bloomed,the flowers have bloomed,the flower bloomed,50.0,25.0
common_voice_bsk_41910075.wav,"The meat that is kept for winters, we make soup from that in winters.",Dawdo is made of meat from a goat's belly button.,the meat that is kept for winters we make soup from that in winters,dawdo is made of meat from a goats belly button,92.86,76.12
common_voice_bsk_41910081.wav,I made the child sleep,I put the child to sleep,i made the child sleep,i put the child to sleep,40.0,31.82
common_voice_bsk_41910082.wav,These are for 10 rupees.,These cost 10 rupees,these are for 10 rupees,these cost 10 rupees,40.0,30.43
common_voice_bsk_41910093.wav,Stories are good to learn a language,Stories are good to learn a language,stories are good to learn a language,stories are good to learn a language,0.0,0.0
common_voice_bsk_41910096.wav,Throw the comb behind.,Throw the comb to the back,throw the comb behind,throw the comb to the back,75.0,47.62
common_voice_bsk_41910098.wav,You have no concern for us.,You are not worried about us.,you have no concern for us,you are not worried about us,66.67,50.0
common_voice_bsk_41910100.wav,Don’t listen to me.,Don’t listen to me.,don’t listen to me,don’t listen to me,0.0,0.0
common_voice_bsk_41910103.wav,Today is Sunday.,Today is Sunday,today is sunday,today is sunday,0.0,0.0
common_voice_bsk_41910113.wav,"Wake up, I am going.","Get up, I am going.",wake up i am going,get up i am going,20.0,22.22
common_voice_bsk_41910122.wav,Did I get any calls?,Did I get a call?,did i get any calls,did i get a call,40.0,15.79
common_voice_bsk_41910128.wav,I have a penny,I have a cold,i have a penny,i have a cold,25.0,35.71
common_voice_bsk_41910139.wav,The king gathered the Ashurjan and Diramitin tribe.,The king had allied the Ashurjan people with the Diram people.,the king gathered the ashurjan and diramitin tribe,the king had allied the ashurjan people with the diram people,87.5,60.0
common_voice_bsk_41910208.wav,Grandmother was skilled in gardening.,Grandmother was good in cultivating fields.,grandmother was skilled in gardening,grandmother was good in cultivating fields,60.0,58.33
common_voice_bsk_41910211.wav,"The old lady said, “ I am not free”",The old woman said to me that she is not free,the old lady said “ i am not free”,the old woman said to me that she is not free,77.78,58.82
common_voice_bsk_41910227.wav,Jaan is standing between Amie and Marie.,Jan is standing between Annie and Marry,jaan is standing between amie and marie,jan is standing between annie and marry,42.86,12.82
common_voice_bsk_41910228.wav,It thanked the wind a lot.,It thanked the wind so much.,it thanked the wind a lot,it thanked the wind so much,33.33,24.0
common_voice_bsk_41910236.wav,I am near the library.,I am near the library.,i am near the library,i am near the library,0.0,0.0
common_voice_bsk_41910244.wav,Did you come?,Come here,did you come,come here,100.0,83.33
common_voice_bsk_41910247.wav,Stand up,Stand up,stand up,stand up,0.0,0.0
common_voice_bsk_41910248.wav,There was once a King,There was a king,there was once a king,there was a king,20.0,23.81
common_voice_bsk_41910254.wav,I sleep every day.,I sleep every day,i sleep every day,i sleep every day,0.0,0.0
common_voice_bsk_41910291.wav,One cow dies every day.,One cow dies everyday,one cow dies every day,one cow dies everyday,40.0,4.55
common_voice_bsk_41910300.wav,There is peace too,Its peaceful,there is peace too,its peaceful,100.0,61.11
common_voice_bsk_41910306.wav,How much do they take for one day?,How much do you charge per day,how much do they take for one day,how much do you charge per day,50.0,42.42
common_voice_bsk_41910311.wav,I made the bird fly.,I made the bird fly,i made the bird fly,i made the bird fly,0.0,0.0
common_voice_bsk_41910323.wav,Let me speak to Shagul.,Let me talk to Shahul.,let me speak to shagul,let me talk to shahul,40.0,22.73
common_voice_bsk_41910336.wav,He saw water flowing in the canal.,he saw water running at a stream,he saw water flowing in the canal,he saw water running at a stream,57.14,42.42
common_voice_bsk_41910339.wav,I thanked that woman.,I thanked the woman.,i thanked that woman,i thanked the woman,25.0,10.0
common_voice_bsk_41910340.wav,That woman does not have teeth.,The lady is toothless,that woman does not have teeth,the lady is toothless,100.0,70.0
common_voice_bsk_41910350.wav,I did not see her.,I didn’t see her.,i did not see her,i didn’t see her,40.0,11.76
common_voice_bsk_41910353.wav,Where are you From? Where are they From?,Where are you from?,where are you from where are they from,where are you from,50.0,52.63
common_voice_bsk_41910359.wav,He has come from Hunza.,He came from Hunza.,he has come from hunza,he came from hunza,40.0,22.73
common_voice_bsk_41910369.wav,I can go to the park.,I can go to the park,i can go to the park,i can go to the park,0.0,0.0
common_voice_bsk_41910416.wav,He is Sadaf’s brother.,He is Sadaf's brother.,he is sadaf’s brother,he is sadafs brother,25.0,4.76
common_voice_bsk_41910424.wav,Why are you going to America?,Are you going to America?,why are you going to america,are you going to america,16.67,14.29
common_voice_bsk_41910436.wav,No one helped him/,No one helped the bird,no one helped him,no one helped the bird,50.0,35.29
common_voice_bsk_41910449.wav,Do not let it boil.,Dont make me angry,do not let it boil,dont make me angry,100.0,72.22
common_voice_bsk_41910457.wav,Sit down,Sit down,sit down,sit down,0.0,0.0
common_voice_bsk_41910466.wav,Who is the girl?,Who is that girl?,who is the girl,who is that girl,25.0,13.33
common_voice_bsk_41910467.wav,I am a girl.,I am a girl,i am a girl,i am a girl,0.0,0.0
common_voice_bsk_41910488.wav,Mountain sparrow told everything that it has gone through to the wind.,The bird told the wind everything that had happened.,mountain sparrow told everything that it has gone through to the wind,the bird told the wind everything that had happened,91.67,63.77
common_voice_bsk_41910495.wav,Tell her the truth,Tell her the truth.,tell her the truth,tell her the truth,0.0,0.0
common_voice_bsk_41910496.wav,What can he see?,What will he see?,what can he see,what will he see,25.0,26.67
common_voice_bsk_41910498.wav,Take this route,Go this way,take this route,go this way,66.67,60.0
common_voice_bsk_41921827.wav,Pilot flew the aeroplane,The pilot made the plane fly.,pilot flew the aeroplane,the pilot made the plane fly,100.0,66.67
common_voice_bsk_41921829.wav,I will rest for a while.,I will take a rest.,i will rest for a while,i will take a rest,50.0,52.17
common_voice_bsk_41927355.wav,I am already awake,I am awake,i am already awake,i am awake,25.0,44.44
common_voice_bsk_41927359.wav,I had already told this story to my son.,I told this story to my son as well.,i had already told this story to my son,i told this story to my son as well,44.44,51.28
common_voice_bsk_41927361.wav,What did she buy?,What did she buy?,what did she buy,what did she buy,0.0,0.0
common_voice_bsk_41927363.wav,How much will you price this for me?,How much will you give me?,how much will you price this for me,how much will you give me,37.5,34.29
common_voice_bsk_41927364.wav,Have you gone to the Doctor?,Have you seen a doctor?,have you gone to the doctor,have you seen a doctor,50.0,33.33
common_voice_bsk_41927369.wav,We will have soup in the beginning.,"First, let’s have soup.",we will have soup in the beginning,first let’s have soup,71.43,79.41
common_voice_bsk_41927378.wav,When are going home?,When will you go home?,when are going home,when will you go home,75.0,42.11
common_voice_bsk_41927380.wav,They are here,They’re here.,they are here,they’re here,66.67,15.38
common_voice_bsk_41927382.wav,He has a daughter.,She had a daughter.,he has a daughter,she had a daughter,50.0,11.76
common_voice_bsk_41927383.wav,Don’t ask any questions from them.,Don’t ask them a question.,don’t ask any questions from them,don’t ask them a question,66.67,51.52
common_voice_bsk_41927386.wav,I moved him from his place.,I set him aside,i moved him from his place,i set him aside,66.67,61.54
common_voice_bsk_41927387.wav,Where are you going? Where are you guys going?,Where have they gone?,where are you going where are you guys going,where have they gone,88.89,65.91
common_voice_bsk_41927388.wav,How are you making chapati/ roti.,How do you cook food?,how are you making chapati roti,how do you cook food,66.67,61.29
common_voice_bsk_41927390.wav,You work regularly.,Do you work everyday?,you work regularly,do you work everyday,66.67,55.56
common_voice_bsk_41927392.wav,Give us a meal of mutton and lettuce.,Give us one mutton curry and one vegetable curry.,give us a meal of mutton and lettuce,give us one mutton curry and one vegetable curry,87.5,80.56
common_voice_bsk_41927396.wav,I am having some potatoes.,I am eating potatoes.,i am having some potatoes,i am eating potatoes,40.0,28.0
common_voice_bsk_41927397.wav,I shook it,I shaked it.,i shook it,i shaked it,33.33,40.0
common_voice_bsk_41927404.wav,I was walking when Tyler called me.,I was walking when Tyler called.,i was walking when tyler called me,i was walking when tyler called,14.29,8.82
common_voice_bsk_41927410.wav,I was my grandmother’s favourite.,I was my grandmother’s favorite.,i was my grandmother’s favourite,i was my grandmother’s favorite,20.0,3.12
common_voice_bsk_41927427.wav,I saw a man.,I saw a man.,i saw a man,i saw a man,0.0,0.0
common_voice_bsk_41927434.wav,The glass overflowed with water.,The water spilled out of the glass.,the glass overflowed with water,the water spilled out of the glass,120.0,80.65
common_voice_bsk_41927441.wav,They were starving.,They felt very hungry.,they were starving,they felt very hungry,100.0,66.67
common_voice_bsk_41927442.wav,Keep your hands and feet warm by the fire.,Warm your feet and hands by the fire.,keep your hands and feet warm by the fire,warm your feet and hands by the fire,44.44,43.9
common_voice_bsk_41927449.wav,This is one sheep.,There is one sheep,this is one sheep,there is one sheep,25.0,17.65
common_voice_bsk_41927461.wav,This is mine.,This is mine,this is mine,this is mine,0.0,0.0
common_voice_bsk_41927474.wav,My house is much bigger than yours.,My house is bigger than your house.,my house is much bigger than yours,my house is bigger than your house,42.86,29.41
common_voice_bsk_41927483.wav,I am sending a letter to my family.,I am sending a letter home.,i am sending a letter to my family,i am sending a letter home,37.5,29.41
common_voice_bsk_41959507.wav,It’s 9 o clock.,It’s nine o’clock.,it’s 9 o clock,it’s nine o’clock,75.0,35.71
common_voice_bsk_41959550.wav,I will tell you guys a story.,I’ll tell you a story I heard.,i will tell you guys a story,i’ll tell you a story i heard,71.43,53.57
common_voice_bsk_41959583.wav,I also tell this story to my students.,I also tell this story to my students.,i also tell this story to my students,i also tell this story to my students,0.0,0.0
common_voice_bsk_41959585.wav,Bananas are healthy.,The bananas are good,bananas are healthy,the bananas are good,66.67,57.89
common_voice_bsk_41959664.wav,"No, I did not understand.","No, I don’t get it/I don’t understand.",no i did not understand,no i don’t get iti don’t understand,80.0,60.87
common_voice_bsk_41959793.wav,"Yes, the doctor has prescribed me some medicines.","Yes, the doctor has given me the medicine.",yes the doctor has prescribed me some medicines,yes the doctor has given me the medicine,37.5,25.53
common_voice_bsk_41984804.wav,The house is burning.,The house is burning.,the house is burning,the house is burning,0.0,0.0
common_voice_bsk_41984814.wav,Who accompanied you?,Who accompanied you?,who accompanied you,who accompanied you,0.0,0.0
common_voice_bsk_41984815.wav,Come inside.,"Come in, please come in.",come inside,come in please come in,200.0,118.18
common_voice_bsk_41984832.wav,What’s in this bag.,What is in this bag,what’s in this bag,what is in this bag,50.0,11.11
common_voice_bsk_41984834.wav,Winter is coming.,We are getting closer to winter.,winter is coming,we are getting closer to winter,200.0,143.75
common_voice_bsk_41984843.wav,How are your kids?,Are your children good?,how are your kids,are your children good,75.0,88.24
common_voice_bsk_41984854.wav,He is ahead of me,He is in front of me,he is ahead of me,he is in front of me,40.0,47.06
common_voice_bsk_41984868.wav,He came on TV,He came on the mountain peak,he came on tv,he came on the mountain peak,75.0,123.08
common_voice_bsk_41984888.wav,I have a rupee,I have one rupee.,i have a rupee,i have one rupee,25.0,21.43
common_voice_bsk_41984895.wav,They used to eat children,They/he/she used to eat children,they used to eat children,theyheshe used to eat children,20.0,20.0
common_voice_bsk_41984905.wav,I begged the thorn that didn’t prick.,It flew back and perched on the thorn,i begged the thorn that didn’t prick,it flew back and perched on the thorn,114.29,86.11
common_voice_bsk_41984920.wav,The apples are more green than the grapes,These apples are greener than those grapes,the apples are more green than the grapes,these apples are greener than those grapes,50.0,26.83
common_voice_bsk_41984927.wav,"In winter, they slaughter a lot of buffaloes (in a halal way)","In winters, yaks are slaughtered a lot",in winter they slaughter a lot of buffaloes in a halal way,in winters yaks are slaughtered a lot,83.33,65.52
common_voice_bsk_41984933.wav,I closed the door,I closed the door,i closed the door,i closed the door,0.0,0.0
common_voice_bsk_41984935.wav,I drank wine,I drank wine,i drank wine,i drank wine,0.0,0.0
common_voice_bsk_41984943.wav,The goat has given birth to twins,The goat gave birth to twin kids.,the goat has given birth to twins,the goat gave birth to twin kids,57.14,30.3
common_voice_bsk_41984952.wav,Run!,Run,run,run,0.0,0.0
common_voice_bsk_41984965.wav,He left us alone,leave us alone,he left us alone,leave us alone,50.0,31.25
common_voice_bsk_41984971.wav,Azur Jamshed and Shiri Bada(d)’s daughter killed him together,Azur Jamshed and Shiri Badat’s daughter together killed him,azur jamshed and shiri badad’s daughter killed him together,azur jamshed and shiri badat’s daughter together killed him,33.33,28.81
common_voice_bsk_41984972.wav,You are not aware of us,You are not worried?,you are not aware of us,you are not worried,50.0,39.13
common_voice_bsk_41984974.wav,I am surprised,I am surprised,i am surprised,i am surprised,0.0,0.0
common_voice_bsk_41984999.wav,She tied it,she tied it,she tied it,she tied it,0.0,0.0
common_voice_bsk_41985000.wav,See you soon,I will see you soon.,see you soon,i will see you soon,66.67,58.33
common_voice_bsk_41985015.wav,The boy is tall,The boy is tall.,the boy is tall,the boy is tall,0.0,0.0
common_voice_bsk_41985085.wav,It’s a strange heat wave,Its a hollow space,it’s a strange heat wave,its a hollow space,80.0,62.5
common_voice_bsk_41985099.wav,Hunza comes after Gulmit,Hunza is ahead of Gulmit,hunza comes after gulmit,hunza is ahead of gulmit,75.0,41.67
common_voice_bsk_41985117.wav,The food is ready,The food is ready,the food is ready,the food is ready,0.0,0.0
common_voice_bsk_41985119.wav,Take care of yourself,Take care of yourself.,take care of yourself,take care of yourself,0.0,0.0
common_voice_bsk_41989936.wav,Put her on sleep,I put her to sleep,put her on sleep,i put her to sleep,50.0,25.0
common_voice_bsk_41989953.wav,"When I looked, I saw a mouse moving around here and there",he saw a mouse roaming about,when i looked i saw a mouse moving around here and there,he saw a mouse roaming about,75.0,58.93
common_voice_bsk_41989964.wav,The monkey jumped into the water,The monkey jumped into the water.,the monkey jumped into the water,the monkey jumped into the water,0.0,0.0
common_voice_bsk_41989975.wav,Is everything fine?,It’s peaceful,is everything fine,it’s peaceful,100.0,83.33
common_voice_bsk_41989979.wav,The bot peed in his pants,The boy peed his pants.,the bot peed in his pants,the boy peed his pants,33.33,16.0
common_voice_bsk_41989986.wav,"After getting married, they went back to their homeland; Grandma was in Hunza.",They got married and went to their village. Grandmother was in Hunza.,after getting married they went back to their homeland grandma was in hunza,they got married and went to their village grandmother was in hunza,46.15,38.67
common_voice_bsk_41989990.wav,"Open the door, mother, we have come from homeland.","Open the door mother, we came from your valley.",open the door mother we have come from homeland,open the door mother we came from your valley,44.44,31.91
common_voice_bsk_41989997.wav,A pigeon perched on my head.,Pigeon sat on my forehead,a pigeon perched on my head,pigeon sat on my forehead,50.0,48.15
common_voice_bsk_41989998.wav,My feet have become very cold.,My feet are cold.,my feet have become very cold,my feet are cold,50.0,48.28
common_voice_bsk_41990002.wav,Sadaf works everyday.,Sadaf works daily.,sadaf works everyday,sadaf works daily,33.33,35.0
common_voice_bsk_41990004.wav,"One day, the bird found some beads.","One day, the bird found some pearls.",one day the bird found some beads,one day the bird found some pearls,14.29,9.09
common_voice_bsk_41990042.wav,"Everyone, come inside.",All of you come inside.,everyone come inside,all of you come inside,100.0,45.0
common_voice_bsk_41990046.wav,Who is she?,Who is she?,who is she,who is she,0.0,0.0
common_voice_bsk_41990049.wav,Stones fall everyday.,The road falls every day.,stones fall everyday,the road falls every day,166.67,50.0
common_voice_bsk_41990055.wav,Should I burn crackling sea buckthorn instead of this wood?,"Should I burn this wood, which burned me, and this nasty, prickly thorn instead?",should i burn crackling sea buckthorn instead of this wood,should i burn this wood which burned me and this nasty prickly thorn instead,100.0,81.03
common_voice_bsk_41990070.wav,They say he had a very beautiful voice.,They told us he had a sweet voice.,they say he had a very beautiful voice,they told us he had a sweet voice,50.0,50.0
common_voice_bsk_41990071.wav,Bring my daughter's name.,Bring my daughter’s name.,bring my daughters name,bring my daughter’s name,25.0,4.35
common_voice_bsk_41990072.wav,Give us one mutton curry and one leafy greens curry.,Give us mutton curry and vegetable curry.,give us one mutton curry and one leafy greens curry,give us mutton curry and vegetable curry,40.0,33.33
common_voice_bsk_41990076.wav,the wind has been blowing since yesterday,It has been windy since yesterday.,the wind has been blowing since yesterday,it has been windy since yesterday,42.86,29.27
common_voice_bsk_41990079.wav,what will he see?,What will he see?,what will he see,what will he see,0.0,0.0
common_voice_bsk_41990087.wav,this mountainous place itself feels like a place from a story,This mountain area itself is like the places from the story.,this mountainous place itself feels like a place from a story,this mountain area itself is like the places from the story,54.55,29.51
common_voice_bsk_41990090.wav,I am listening to a song,I listen to songs,i am listening to a song,i listen to songs,66.67,37.5
common_voice_bsk_41990092.wav,I will drink wine,I will drink wine.,i will drink wine,i will drink wine,0.0,0.0
common_voice_bsk_41990095.wav,One reason my mother’s parents were very close to me was that my father’s parents had passed away before I was born.,"When my mother and father’s marriage was just around the corner, my father and mother had already passed away.",one reason my mother’s parents were very close to me was that my father’s parents had passed away before i was born,when my mother and father’s marriage was just around the corner my father and mother had already passed away,86.36,66.96
common_voice_bsk_41990098.wav,who are you ?,Who are you(plural),who are you,who are youplural,33.33,54.55
common_voice_bsk_41990102.wav,When are you going home?,When will you go home?,when are you going home,when will you go home,40.0,30.43
common_voice_bsk_41990106.wav,Today’s lesson is very difficult.,Today’s lesson is very hard.,today’s lesson is very difficult,today’s lesson is very hard,20.0,28.12
common_voice_bsk_41990110.wav,"He wept, sobbing loudly.",He cried and whined.,he wept sobbing loudly,he cried and whined,75.0,77.27
common_voice_bsk_41990115.wav,The apples are green. ( Literal ),The apples are green,the apples are green literal,the apples are green,20.0,28.57
common_voice_bsk_41990117.wav,She ran after the cat to throw a stone at it.,The running cat went to throw stones at me.,she ran after the cat to throw a stone at it,the running cat went to throw stones at me,72.73,43.18
common_voice_bsk_41990118.wav,Looked at the ocean.,I looked into the river,looked at the ocean,i looked into the river,75.0,52.63
common_voice_bsk_41990125.wav,where were you born ?,Where were you born?,where were you born,where were you born,0.0,0.0
common_voice_bsk_41990128.wav,how much is this camel ?,This camel is for sheep,how much is this camel,this camel is for sheep,80.0,72.73
common_voice_bsk_41990135.wav,I have also told this story to my son,I also told this story to my son.,i have also told this story to my son,i also told this story to my son,11.11,13.51
common_voice_bsk_41990141.wav,The cat said that the lady of this house gives me milk every day.,"The cat said, ‘This house is small, but it gives me food every day.’",the cat said that the lady of this house gives me milk every day,the cat said ‘this house is small but it gives me food every day’,57.14,43.75
common_voice_bsk_41990142.wav,He played the charda (Hunzai rubab) very well and recited munqabats in Persian and Burushaski.,"He spoke to himself very sweetly, and also taught himself to read and write.",he played the charda hunzai rubab very well and recited munqabats in persian and burushaski,he spoke to himself very sweetly and also taught himself to read and write,80.0,68.13
common_voice_bsk_41990143.wav,I put the child to sleep.,I put the child to sleep,i put the child to sleep,i put the child to sleep,0.0,0.0
common_voice_bsk_41990150.wav,He used to eat one child every day,He/It used to eat a child every day,he used to eat one child every day,heit used to eat a child every day,25.0,14.71
common_voice_bsk_41990157.wav,The yushayas( reared livestock to slaughter for winters) meat dried to preserve.,Soup made from dried meat is called espishan.,the yushayas reared livestock to slaughter for winters meat dried to preserve,soup made from dried meat is called espishan,91.67,76.62
common_voice_bsk_41990163.wav,The plane has taken off.,The airplane flew. It is flying.,the plane has taken off,the airplane flew it is flying,100.0,78.26
common_voice_bsk_41990166.wav,It was hailing.,It was hailing.,it was hailing,it was hailing,0.0,0.0
common_voice_bsk_41990173.wav,The hunter went to kill the wolf.,The boy is upset.,the hunter went to kill the wolf,the boy is upset,85.71,78.12
common_voice_bsk_41990174.wav,Which book?,Which book?,which book,which book,0.0,0.0
common_voice_bsk_41990177.wav,The sea buckthorn bushes moved aside after seeing the fire,"Seeing the fire, the thorn bush stepped back.",the sea buckthorn bushes moved aside after seeing the fire,seeing the fire the thorn bush stepped back,100.0,75.86
common_voice_bsk_41990188.wav,he is Sadaf’s brother,He is Sadaf’s brother.,he is sadaf’s brother,he is sadaf’s brother,0.0,0.0
common_voice_bsk_41990189.wav,the donkey works everyday,The donkey works every day.,the donkey works everyday,the donkey works every day,50.0,4.0
common_voice_bsk_41990191.wav,The boy is tired of it.,The boy is sad.,the boy is tired of it,the boy is sad,50.0,45.45
common_voice_bsk_41990198.wav,you broke her heart,You hurt her.,you broke her heart,you hurt her,50.0,52.63
common_voice_bsk_41990204.wav,The lion has no mane.,The Lion has no teeth.,the lion has no mane,the lion has no teeth,20.0,25.0
common_voice_bsk_41990212.wav,The wolf said to himself that he would listen to me.,"The wolf said to itself, “I am tired of you”",the wolf said to himself that he would listen to me,the wolf said to itself “i am tired of you”,63.64,43.14
common_voice_bsk_41990215.wav,Ask one of them a question.,Ask her a question.,ask one of them a question,ask her a question,50.0,34.62
common_voice_bsk_41990216.wav,I told her to boil water.,I told her to boil the water.,i told her to boil water,i told her to boil the water,16.67,16.67
common_voice_bsk_41990217.wav,I am watching you,I can see you.,i am watching you,i can see you,50.0,58.82
common_voice_bsk_41990227.wav,The mountain bread is ready.,The bread is ready.,the mountain bread is ready,the bread is ready,20.0,33.33
common_voice_bsk_41990228.wav,I brush my teeth twice a day.,I brush my teeth twice a day.,i brush my teeth twice a day,i brush my teeth twice a day,0.0,0.0
common_voice_bsk_41990231.wav,He made the bird exhausted.,The bird got breathless.,he made the bird exhausted,the bird got breathless,80.0,69.23
common_voice_bsk_41990239.wav,I hid them.,I hid them.,i hid them,i hid them,0.0,0.0
common_voice_bsk_41990245.wav,The book is on the table.,The book is on the table.,the book is on the table,the book is on the table,0.0,0.0
common_voice_bsk_41990250.wav,He made her cry.,He made her cry,he made her cry,he made her cry,0.0,0.0
common_voice_bsk_41990253.wav,"The Mir of Hunza gave land in Hunza Karimabad, and one grandfather married in Hunza.",The King of Hunza gave them land in Karimabad Hunza and an elderly man got married in Hunza.,the mir of hunza gave land in hunza karimabad and one grandfather married in hunza,the king of hunza gave them land in karimabad hunza and an elderly man got married in hunza,53.33,41.46
common_voice_bsk_41990258.wav,Close the doors when you leave.,Close the doors after leaving.,close the doors when you leave,close the doors after leaving,50.0,36.67
common_voice_bsk_41990261.wav,It’s freezing cold this year.,It is very cold this year.,it’s freezing cold this year,it is very cold this year,60.0,32.14
common_voice_bsk_41990264.wav,Those people listened to me.,They listened to me.,those people listened to me,they listened to me,40.0,33.33
common_voice_bsk_41990268.wav,Where are you going?,Where are you going?,where are you going,where are you going,0.0,0.0
common_voice_bsk_41990282.wav,this is the woman i told you about,The woman I told you about is hers.,this is the woman i told you about,the woman i told you about is hers,50.0,47.06
common_voice_bsk_41990297.wav,Dawdo is being made.,Daodo(s) is getting prepared.,dawdo is being made,daodos is getting prepared,75.0,57.89
common_voice_bsk_41997765.wav,The fire became very angry.,The fire got very angry.,the fire became very angry,the fire got very angry,20.0,23.08
common_voice_bsk_41997775.wav,Forgive me.,Forgive me.,forgive me,forgive me,0.0,0.0
common_voice_bsk_41997822.wav,When were you born?,when were you born?,when were you born,when were you born,0.0,0.0
common_voice_bsk_41997843.wav,I have a severe headache.,my head hurts a lot.,i have a severe headache,my head hurts a lot,100.0,79.17
common_voice_bsk_41997845.wav,Drop me down there.,i will heat it here.,drop me down there,i will heat it here,125.0,72.22
common_voice_bsk_41997858.wav,I walked for 20 minutes.,I walked for twenty minutes.,i walked for 20 minutes,i walked for twenty minutes,20.0,26.09
common_voice_bsk_41997866.wav,I cooked rice with meat.,I cooked meat with rice.,i cooked rice with meat,i cooked meat with rice,40.0,34.78
common_voice_bsk_41997869.wav,No biscuits for me.,No biscuits for me.,no biscuits for me,no biscuits for me,0.0,0.0
common_voice_bsk_41997870.wav,Isn’t there anything cheaper than those?,there is nothing cheaper than that,isn’t there anything cheaper than those,there is nothing cheaper than that,66.67,33.33
common_voice_bsk_41997890.wav,How is your body?,Is your body okay?,how is your body,is your body okay,50.0,56.25
common_voice_bsk_41997934.wav,If you stop it here on the right side.,don’t mess with the rope here.,if you stop it here on the right side,don’t mess with the rope here,88.89,67.57
common_voice_bsk_41997960.wav,i felt very sorry,I’m very sorry,i felt very sorry,i’m very sorry,50.0,29.41
common_voice_bsk_41997970.wav,I ate rice.,I will eat rice.,i ate rice,i will eat rice,66.67,70.0
common_voice_bsk_41997971.wav,there are like ghosts,they are going into the details of everything.,there are like ghosts,they are going into the details of everything,175.0,157.14
common_voice_bsk_41997973.wav,Thank You.,Thank you,thank you,thank you,0.0,0.0
common_voice_bsk_41997980.wav,Dawdo is getting prepared.,daodo(soup) is getting prepared.,dawdo is getting prepared,daodosoup is getting prepared,25.0,20.0
common_voice_bsk_41997983.wav,you came.,You came.,you came,you came,0.0,0.0
common_voice_bsk_41998001.wav,What is the day?,what time is it?,what is the day,what time is it,75.0,60.0
common_voice_bsk_41998023.wav,flowers bloomed.,The flower bloomed.,flowers bloomed,the flower bloomed,100.0,33.33
common_voice_bsk_41998052.wav,Get well Soon.,get well soon,get well soon,get well soon,0.0,0.0
common_voice_bsk_41999369.wav,water also showed him its anger.,even the water showed its anger to him.,water also showed him its anger,even the water showed its anger to him,100.0,70.97
common_voice_bsk_41999374.wav,"no, i will drink it dull.","No, I will drink it plain.",no i will drink it dull,no i will drink it plain,16.67,21.74
common_voice_bsk_41999381.wav,i walk daily,i walk everyday.,i walk daily,i walk everyday,33.33,58.33
common_voice_bsk_41999388.wav,he is a prince.,he is a prince.,he is a prince,he is a prince,0.0,0.0
common_voice_bsk_41999392.wav,it is 400 rupees for a day.,it will be 400 rupees a day.,it is 400 rupees for a day,it will be 400 rupees a day,42.86,38.46
common_voice_bsk_41999397.wav,The bed is beside the small table.,there is a bed near the small table.,the bed is beside the small table,there is a bed near the small table,71.43,30.3
common_voice_bsk_41999400.wav,she got so hungry.,they were very hungry.,she got so hungry,they were very hungry,75.0,58.82
common_voice_bsk_41999409.wav,I will walk.,i will walk.,i will walk,i will walk,0.0,0.0
common_voice_bsk_41999417.wav,how much money do you have?,how much money do you have?,how much money do you have,how much money do you have,0.0,0.0
common_voice_bsk_41999418.wav,I just ate potatoes.,I just ate potatoes.,i just ate potatoes,i just ate potatoes,0.0,0.0
common_voice_bsk_41999419.wav,fire ran to extinguish water.,he ran to extinguish the fire.,fire ran to extinguish water,he ran to extinguish the fire,60.0,35.71
common_voice_bsk_41999427.wav,I drank wine.,I drank wine.,i drank wine,i drank wine,0.0,0.0
common_voice_bsk_41999431.wav,he cried and shouted out loud.,he cried and whined.,he cried and shouted out loud,he cried and whined,50.0,44.83
common_voice_bsk_41999433.wav,where will you be tomorrow?,where will you be tomorrow?,where will you be tomorrow,where will you be tomorrow,0.0,0.0
common_voice_bsk_41999436.wav,Shouldn’t I eat my own healthy bull rather than their skinny bull.,should i not eat a healthy goat instead eating a skinny bull.,shouldn’t i eat my own healthy bull rather than their skinny bull,should i not eat a healthy goat instead eating a skinny bull,66.67,46.15
common_voice_bsk_41999438.wav,close the door.,close the door.,close the door,close the door,0.0,0.0
common_voice_bsk_41999444.wav,I sleep daily.,i used to sleep daily.,i sleep daily,i used to sleep daily,66.67,61.54
common_voice_bsk_41999453.wav,I walked this road before.,i walked this road before.,i walked this road before,i walked this road before,0.0,0.0
common_voice_bsk_41999455.wav,it is heavy like a large rock/ large tree trunk/ large tree roots.,it is heavy as a rock.,it is heavy like a large rock large tree trunk large tree roots,it is heavy as a rock,61.54,69.84
common_voice_bsk_41999459.wav,how much is the rent?,how much is the rent?,how much is the rent,how much is the rent,0.0,0.0
common_voice_bsk_41999463.wav,"Phiti (local Bread, outer part is hard and inner is soft) is ready.",the bread is ready.,phiti local bread outer part is hard and inner is soft is ready,the bread is ready,76.92,74.6
common_voice_bsk_41999668.wav,grandfather told me that he used to see grandmother in every dream.,Grandfather used to say that he always saw grandmother in his dreams.,grandfather told me that he used to see grandmother in every dream,grandfather used to say that he always saw grandmother in his dreams,66.67,36.36
common_voice_bsk_41999671.wav,the fire extinguish,The fire went out.,the fire extinguish,the fire went out,66.67,42.11
common_voice_bsk_41999672.wav,"open the door mother, we came from the upper home country.","Open the door mother, we came from your valley.",open the door mother we came from the upper home country,open the door mother we came from your valley,36.36,32.14
common_voice_bsk_41999695.wav,today is sunday.,Today is Sunday.,today is sunday,today is sunday,0.0,0.0
common_voice_bsk_41999699.wav,keep away from fire.,stay away from fire.,keep away from fire,stay away from fire,25.0,21.05
common_voice_bsk_41999700.wav,The sun has set.,The sun has set.,the sun has set,the sun has set,0.0,0.0
common_voice_bsk_41999702.wav,Give me that red book.,give me that red book,give me that red book,give me that red book,0.0,0.0
common_voice_bsk_41999706.wav,when will you be there?,when will you be there?,when will you be there,when will you be there,0.0,0.0
common_voice_bsk_41999714.wav,may you become 1000 From 1.,take a breath from the door.,may you become 1000 from 1,take a breath from the door,100.0,88.46
common_voice_bsk_41999723.wav,open the door.,Open the door.,open the door,open the door,0.0,0.0
common_voice_bsk_41999724.wav,She was beating the fur.,she was dancing.,she was beating the fur,she was dancing,60.0,52.17
common_voice_bsk_41999753.wav,Would you like to drink tea or a bottle/cold drink?,will you drink tea or a bottle?,would you like to drink tea or a bottlecold drink,will you drink tea or a bottle,50.0,42.86
common_voice_bsk_41999755.wav,today I walked.,I walked today.,today i walked,i walked today,66.67,85.71
common_voice_bsk_41999760.wav,donkey sleeps everyday.,the donkey sleeps everyday.,donkey sleeps everyday,the donkey sleeps everyday,33.33,18.18
common_voice_bsk_41999790.wav,Don't rush.,don’t rush.,dont rush,don’t rush,50.0,11.11
common_voice_bsk_41999795.wav,she was with a baby,she was pregnant.,she was with a baby,she was pregnant,60.0,52.63
common_voice_bsk_41999796.wav,you look tired.,you look tired,you look tired,you look tired,0.0,0.0
common_voice_bsk_41999797.wav,we make noodle soup (dawdo) during winters.,We make soup using dried meat from animals we slaughter ourselves.,we make noodle soup dawdo during winters,we make soup using dried meat from animals we slaughter ourselves,128.57,112.5
common_voice_bsk_41999810.wav,he moved away.,He moved.,he moved away,he moved,33.33,38.46
common_voice_bsk_41999817.wav,it came on that house’s roof and shouted a lot.,he came to the roof of the house and shouted loudly.,it came on that house’s roof and shouted a lot,he came to the roof of the house and shouted loudly,90.0,56.52
common_voice_bsk_41999832.wav,your brother is kissing you.,your brother is kissing you.,your brother is kissing you,your brother is kissing you,0.0,0.0
common_voice_bsk_41999854.wav,she placed the tortilla on the pan.,She put the child to sleep on the bed.,she placed the tortilla on the pan,she put the child to sleep on the bed,71.43,55.88
common_voice_bsk_41999856.wav,Go be thankful to the rat.,he went and begged the mouse,go be thankful to the rat,he went and begged the mouse,83.33,72.0
common_voice_bsk_41999861.wav,it has started to rain,It has started raining.,it has started to rain,it has started raining,40.0,27.27
common_voice_bsk_41999865.wav,My back hurts,The donkey went away.,my back hurts,the donkey went away,133.33,123.08
common_voice_bsk_41999867.wav,i work everyday,I work daily.,i work everyday,i work daily,33.33,46.67
common_voice_bsk_41999871.wav,My house is bigger than yours.,my house is much bigger than your house,my house is bigger than yours,my house is much bigger than your house,50.0,34.48
common_voice_bsk_41999881.wav,she rode the horse,She hopped on the horse.,she rode the horse,she hopped on the horse,50.0,38.89
common_voice_bsk_41999899.wav,it has gotten dark here.,it is dark outside.,it has gotten dark here,it is dark outside,60.0,65.22
common_voice_bsk_41999920.wav,when he looked he saw water flowing in the canals,he saw water running at a stream,when he looked he saw water flowing in the canals,he saw water running at a stream,70.0,61.22
common_voice_bsk_41999930.wav,The water overflowed through the glass.,"water, ran out of the glass",the water overflowed through the glass,water ran out of the glass,66.67,50.0
common_voice_bsk_41999950.wav,there are 2 sheeps,There are two sheeps,there are 2 sheeps,there are two sheeps,25.0,16.67
common_voice_bsk_41999954.wav,Shiri Madat was a cruel king,Shiribadat was a very cruel king,shiri madat was a cruel king,shiribadat was a very cruel king,50.0,25.0
common_voice_bsk_41999964.wav,these men came yesterday,these men came yesterday.,these men came yesterday,these men came yesterday,0.0,0.0
common_voice_bsk_41999966.wav,Its is freezing cold,it is freezing cold.,its is freezing cold,it is freezing cold,25.0,5.0
common_voice_bsk_41999978.wav,I was walking when tyler called.,i was walking when Tyler called me.,i was walking when tyler called,i was walking when tyler called me,16.67,9.68
common_voice_bsk_41999981.wav,close the doors when leaving,close the doors after leaving,close the doors when leaving,close the doors after leaving,20.0,14.29
common_voice_bsk_41999982.wav,Its 9:00,It is 9 o’clock.,its 900,it is 9 o’clock,200.0,142.86
common_voice_bsk_41999988.wav,the woman has no teeth,the woman has no teeth.,the woman has no teeth,the woman has no teeth,0.0,0.0
common_voice_bsk_41999996.wav,what is your name?,What is your name?,what is your name,what is your name,0.0,0.0
common_voice_bsk_42000006.wav,Micheal is a very good boy among all.,Michael is better than all the boys.,micheal is a very good boy among all,michael is better than all the boys,87.5,63.89
common_voice_bsk_42000017.wav,its my younger brothers wedding,It’s my younger brother’s wedding.,its my younger brothers wedding,it’s my younger brother’s wedding,40.0,6.45
common_voice_bsk_42000019.wav,she is my wife,she is my wife.,she is my wife,she is my wife,0.0,0.0
common_voice_bsk_42000021.wav,Do your nails.,Give her the horse.,do your nails,give her the horse,133.33,115.38
common_voice_bsk_42000022.wav,iam eating potatoes right now.,I now eat potatoes.,iam eating potatoes right now,i now eat potatoes,100.0,58.62
common_voice_bsk_42000023.wav,where are you from? Where are you all from?,where are you from?,where are you from where are you all from,where are you from,55.56,56.1
common_voice_bsk_42000026.wav,Im bored here/ Im not entertained here,i don’t get along here,im bored here im not entertained here,i don’t get along here,85.71,64.86
common_voice_bsk_42000027.wav,piyar teaches us burushaski,he is giving us free bread,piyar teaches us burushaski,he is giving us free bread,125.0,81.48
common_voice_bsk_42000039.wav,I'm eating rice.,I do eat rice.,im eating rice,i do eat rice,100.0,42.86
common_voice_bsk_42000054.wav,what do you like to eat?,what do you like to eat?,what do you like to eat,what do you like to eat,0.0,0.0
common_voice_bsk_42000056.wav,its too expensive,it is too expensive.,its too expensive,it is too expensive,66.67,11.76
common_voice_bsk_42010239.wav,Is he your friend?,Is he your friend?,is he your friend,is he your friend,0.0,0.0
common_voice_bsk_42010243.wav,I am awake.,I am awake.,i am awake,i am awake,0.0,0.0
common_voice_bsk_42010252.wav,A child was born,A baby is born.,a child was born,a baby is born,50.0,43.75
common_voice_bsk_42010253.wav,tell her the truth,Tell her the truth.,tell her the truth,tell her the truth,0.0,0.0
common_voice_bsk_42010256.wav,Today is a full moon.,Today is a full moon,today is a full moon,today is a full moon,0.0,0.0
common_voice_bsk_42010284.wav,The woman I told you about is her.,The woman I told you about is hers.,the woman i told you about is her,the woman i told you about is hers,12.5,3.03
common_voice_bsk_42010285.wav,when we were in Karachi we met our friends,"When we were in Karachi, we saw our friends.",when we were in karachi we met our friends,when we were in karachi we saw our friends,11.11,7.14
common_voice_bsk_42010300.wav,She baked the bread.,She baked the bread.,she baked the bread,she baked the bread,0.0,0.0
common_voice_bsk_42010301.wav,I am feeling hungry.,I am hungry.,i am feeling hungry,i am hungry,25.0,42.11
common_voice_bsk_42010313.wav,Its midnight,It’s midnight/the middle of the night.,its midnight,it’s midnightthe middle of the night,300.0,200.0
common_voice_bsk_42010324.wav,I am feeling cold,I’m feeling cold.,i am feeling cold,i’m feeling cold,50.0,11.76
common_voice_bsk_42010369.wav,The sun had risen up.,The sun is out.,the sun had risen up,the sun is out,60.0,45.0
common_voice_bsk_42010384.wav,Did you tear it?,You tear it?,did you tear it,you tear it,25.0,26.67
common_voice_bsk_42010387.wav,It's freezing cold.,Its freezing cold,its freezing cold,its freezing cold,0.0,0.0
common_voice_bsk_42010408.wav,The butter melted.,butter melted.,the butter melted,butter melted,33.33,23.53
common_voice_bsk_42010421.wav,I'm going to Hunza.,I left for Hunza.,im going to hunza,i left for hunza,75.0,47.06
common_voice_bsk_42010424.wav,A grain of rice fell down,A grain of rice fell off.,a grain of rice fell down,a grain of rice fell off,16.67,12.0
common_voice_bsk_42010429.wav,"Oh wolf please eat this bull, it's not drinking the water.","Dear wolf, eat that bull, that water is cold.",oh wolf please eat this bull its not drinking the water,dear wolf eat that bull that water is cold,72.73,61.82
common_voice_bsk_42028462.wav,Drink green tea in winters.,drink green tea in cold weather.,drink green tea in winters,drink green tea in cold weather,40.0,34.62
common_voice_bsk_42028464.wav,Today is sunday,Today is Sunday.,today is sunday,today is sunday,0.0,0.0
common_voice_bsk_42028504.wav,Im leaving,I am going now.,im leaving,i am going now,200.0,100.0
common_voice_bsk_42028506.wav,Their parents let them go to school.,"Every day, their mother and father would take them to school.",their parents let them go to school,every day their mother and father would take them to school,114.29,100.0
common_voice_bsk_42028529.wav,I walk daily.,I walk every day.,i walk daily,i walk every day,66.67,66.67
common_voice_bsk_42028563.wav,Both were siblings.,There were two girls.,both were siblings,there were two girls,100.0,66.67
common_voice_bsk_42028564.wav,It is snowing.,Its snowing.,it is snowing,its snowing,66.67,15.38
common_voice_bsk_42028566.wav,They are here.,they are here,they are here,they are here,0.0,0.0
common_voice_bsk_42028574.wav,Potato is baked.,Potato is cooked.,potato is baked,potato is cooked,33.33,20.0
common_voice_bsk_42028589.wav,When will I come there?,When should I come there?,when will i come there,when should i come there,20.0,22.73
common_voice_bsk_42028632.wav,These men arrived yesterday.,these men came yesterday.,these men arrived yesterday,these men came yesterday,25.0,22.22
common_voice_bsk_42028637.wav,The water is boiling.,water is boiling.,the water is boiling,water is boiling,25.0,20.0
common_voice_bsk_42028640.wav,Was there a call for me?,Did I get a call?,was there a call for me,did i get a call,83.33,65.22
common_voice_bsk_42028643.wav,My back is hurting.,My eyes opened.,my back is hurting,my eyes opened,75.0,72.22
common_voice_bsk_42028647.wav,Divide these among yourselves.,Distribute these amongst yourselves.,divide these among yourselves,distribute these amongst yourselves,50.0,27.59
common_voice_bsk_42028649.wav,He is feeling homesick.,He is missing home.,he is feeling homesick,he is missing home,50.0,36.36
common_voice_bsk_42028652.wav,My mothers makes the food for me.,My mother is preparing dinner for me.,my mothers makes the food for me,my mother is preparing dinner for me,57.14,53.12
common_voice_bsk_42028797.wav,The boy is studying,The boy is studying.,the boy is studying,the boy is studying,0.0,0.0
common_voice_bsk_42028799.wav,"I have to water my forests, fields, and people.",I put water on the maid for my son and daughter.,i have to water my forests fields and people,i put water on the maid for my son and daughter,100.0,70.45
common_voice_bsk_42028808.wav,Congratulations,Congratulations!,congratulations,congratulations,0.0,0.0
common_voice_bsk_42028816.wav,Would you like to have tea or a cold drink?,If you drink tea you drink a bottle.,would you like to have tea or a cold drink,if you drink tea you drink a bottle,80.0,71.43
common_voice_bsk_42028819.wav,I drink water.,I drank water.,i drink water,i drank water,33.33,7.69
common_voice_bsk_42028820.wav,The food prepared was tasty.,It was a very tasty dish.,the food prepared was tasty,it was a very tasty dish,100.0,77.78
common_voice_bsk_42028822.wav,It is mid-night.,It’s midnight/the middle of the night.,it is midnight,it’s midnightthe middle of the night,200.0,164.29
common_voice_bsk_42028835.wav,She rides that horse.,She mounted that horse.,she rides that horse,she mounted that horse,25.0,30.0
common_voice_bsk_42028844.wav,"I really like the butter, she keeps the butter for me in her box.","I love butter so much, and she always used to keep butter for me in her box.",i really like the butter she keeps the butter for me in her box,i love butter so much and she always used to keep butter for me in her box,64.29,57.14
common_voice_bsk_42028849.wav,I am eating potatoes.,I am eating potatoes.,i am eating potatoes,i am eating potatoes,0.0,0.0
common_voice_bsk_42029191.wav,It is beyond my thinking.,It is beyond my thinking.,it is beyond my thinking,it is beyond my thinking,0.0,0.0
common_voice_bsk_42029213.wav,I have a coin.,I have a rupee.,i have a coin,i have a rupee,25.0,38.46
common_voice_bsk_42029224.wav,People were too afraid of him.,People were scared of him,people were too afraid of him,people were scared of him,33.33,24.14
common_voice_bsk_42029225.wav,The page in my hand has torn.,The leaf in my hand tore apart.,the page in my hand has torn,the leaf in my hand tore apart,42.86,42.86
common_voice_bsk_42029227.wav,It is 9 o’clock.,It is 9 o’clock.,it is 9 o’clock,it is 9 o’clock,0.0,0.0
common_voice_bsk_42029229.wav,He felt very sad.,The bird felt very bad,he felt very sad,the bird felt very bad,75.0,43.75
common_voice_bsk_42029245.wav,It is too cold.,It is very cold,it is too cold,it is very cold,25.0,28.57
common_voice_bsk_42029246.wav,He came at dawn yesterday.,He came in the dark.,he came at dawn yesterday,he came in the dark,60.0,52.0
common_voice_bsk_42029260.wav,The lady that I talked about to you is this.,This is the woman I told you about.,the lady that i talked about to you is this,this is the woman i told you about,90.0,67.44
common_voice_bsk_42029268.wav,I am giving him fifty rupees.,I give him fifty rupees.,i am giving him fifty rupees,i give him fifty rupees,33.33,21.43
common_voice_bsk_42029283.wav,I am going to tell her the truth.,i will tell her the truth.,i am going to tell her the truth,i will tell her the truth,37.5,31.25
common_voice_bsk_42029331.wav,I made him cry.,I made him cry,i made him cry,i made him cry,0.0,0.0
common_voice_bsk_42029385.wav,It is afternoon.,It has got noon.,it is afternoon,it has got noon,100.0,40.0
common_voice_bsk_42029394.wav,On you I have a debt of hundred rupees.,I have a 100 rupees loan on you.,on you i have a debt of hundred rupees,i have a 100 rupees loan on you,77.78,73.68
common_voice_bsk_42029401.wav,You hide from me.,You hid from me.,you hide from me,you hid from me,25.0,6.25
common_voice_bsk_42029416.wav,Did you have dinner in the evening?,Did you have dinner?,did you have dinner in the evening,did you have dinner,42.86,44.12
common_voice_bsk_42029421.wav,You hurt her.,You hurt her.,you hurt her,you hurt her,0.0,0.0
common_voice_bsk_42029424.wav,It has gone that way.,It is that way.,it has gone that way,it is that way,40.0,35.0
common_voice_bsk_42029430.wav,Wash clothes.,Wash the clothes!,wash clothes,wash the clothes,50.0,33.33
common_voice_bsk_42029433.wav,Are you awake?,Are you up/awake?,are you awake,are you upawake,33.33,15.38
common_voice_bsk_42029438.wav,How are you?,How are you?,how are you,how are you,0.0,0.0
common_voice_bsk_42029448.wav,They cost fifteen rupees.,There are 15.,they cost fifteen rupees,there are 15,100.0,75.0
common_voice_bsk_42029461.wav,Pyaar is teaching us Burushaski.,"He loves us, and does everything for us.",pyaar is teaching us burushaski,he loves us and does everything for us,160.0,103.23
common_voice_bsk_42029463.wav,You speak.,You tell.,you speak,you tell,50.0,44.44
common_voice_bsk_42029487.wav,Stand up.,Stand up!,stand up,stand up,0.0,0.0
common_voice_bsk_42029494.wav,My feet got too cold.,It made my feet really cold.,my feet got too cold,it made my feet really cold,80.0,75.0
common_voice_bsk_42029504.wav,She works daily.,She works daily.,she works daily,she works daily,0.0,0.0
common_voice_bsk_42029524.wav,Is your body feeling well now?,Is your body okay?,is your body feeling well now,is your body okay,50.0,55.17
common_voice_bsk_42029535.wav,The place of these mountains is like a place in a story.,It is like the story of the mountain man and the story of the woman.,the place of these mountains is like a place in a story,it is like the story of the mountain man and the story of the woman,108.33,80.0
common_voice_bsk_42029536.wav,Warm your feet and hands near fire.,Warm your feet and hands by the fire.,warm your feet and hands near fire,warm your feet and hands by the fire,28.57,17.65
common_voice_bsk_42029719.wav,Are you going home?,Are you going home?,are you going home,are you going home,0.0,0.0
common_voice_bsk_42042454.wav,The book is on the table,The book is on the table,the book is on the table,the book is on the table,0.0,0.0
common_voice_bsk_42042499.wav,Who is that girl?,Who is that girl?,who is that girl,who is that girl,0.0,0.0
common_voice_bsk_42042502.wav,"Hearing this, the bird was startled","When it was said, the bird felt disgusted",hearing this the bird was startled,when it was said the bird felt disgusted,100.0,61.76
common_voice_bsk_42042503.wav,My name is zeboon,My name is Zibon,my name is zeboon,my name is zibon,25.0,11.76
common_voice_bsk_42042505.wav,I felt really cold,I felt very cold,i felt really cold,i felt very cold,25.0,22.22
common_voice_bsk_42045006.wav,I have come from very far away,I came from very far away,i have come from very far away,i came from very far away,28.57,20.0
common_voice_bsk_42045037.wav,My friends were all together,All my friends were together.,my friends were all together,all my friends were together,40.0,28.57
common_voice_bsk_42045041.wav,I can see you,I can see you.,i can see you,i can see you,0.0,0.0
common_voice_bsk_42045070.wav,Who are you?,Who are you?,who are you,who are you,0.0,0.0
common_voice_bsk_42045095.wav,The child got sick,The bird got sick,the child got sick,the bird got sick,25.0,16.67
common_voice_bsk_42045107.wav,The whole area felt strange,The whole country became something.,the whole area felt strange,the whole country became something,60.0,66.67
common_voice_bsk_42045121.wav,I have one rupee,I have one rupee,i have one rupee,i have one rupee,0.0,0.0
common_voice_bsk_42045122.wav,I drink alcohol every day,I drink alcohol everyday,i drink alcohol every day,i drink alcohol everyday,40.0,4.0
common_voice_bsk_42045138.wav,The day on which he was killed and the day on which it is celebrated is Thumashalin,"The day he killed, the day which no one saw, is called Thumshaling",the day on which he was killed and the day on which it is celebrated is thumashalin,the day he killed the day which no one saw is called thumshaling,58.82,48.19
common_voice_bsk_42045147.wav,My throat is hurting,My throat started hurting,my throat is hurting,my throat started hurting,25.0,35.0
common_voice_bsk_42045154.wav,I will make the boy warm,I will warm up the boy,i will make the boy warm,i will warm up the boy,50.0,45.83
common_voice_bsk_42045155.wav,I looked at the sea,I looked at the sea,i looked at the sea,i looked at the sea,0.0,0.0
common_voice_bsk_42045187.wav,What happened to you,What happened to you?,what happened to you,what happened to you,0.0,0.0
common_voice_bsk_42045200.wav,The car hit a tree,The card was taken.,the car hit a tree,the card was taken,80.0,50.0
common_voice_bsk_42045218.wav,There is a sheep,There is one sheep,there is a sheep,there is one sheep,25.0,18.75
common_voice_bsk_42045223.wav,He was diamond below his tummy,Below the belly he was gold,he was diamond below his tummy,below the belly he was gold,100.0,76.67
common_voice_bsk_42045225.wav,Who is it?,Who is it?,who is it,who is it,0.0,0.0
common_voice_bsk_42045245.wav,We saw our friends when we were in Karachi,"In Karachi, we saw our friends",we saw our friends when we were in karachi,in karachi we saw our friends,77.78,76.19
common_voice_bsk_42045257.wav,I put her to sleep,I put her (not here),i put her to sleep,i put her not here,40.0,33.33
common_voice_bsk_42045267.wav,I am awake,I am awake,i am awake,i am awake,0.0,0.0
common_voice_bsk_42045270.wav,Grandfather told grandmother that his son was going to be born on the day of Ashura and that his name should be Ashurjan,"The old man said to the old lady that on the day of Ashura, a son will be born, and his name should be kept Ashur Jan",grandfather told grandmother that his son was going to be born on the day of ashura and that his name should be ashurjan,the old man said to the old lady that on the day of ashura a son will be born and his name should be kept ashur jan,86.96,55.0
common_voice_bsk_42045273.wav,The plane flew/flies,The aeroplane has flown. It is flying.,the plane flewflies,the aeroplane has flown it is flying,200.0,105.26
common_voice_bsk_42045274.wav,What do you like to eat?,What do you like to eat?,what do you like to eat,what do you like to eat,0.0,0.0
common_voice_bsk_42045284.wav,I am sick,I am ill,i am sick,i am ill,33.33,33.33
common_voice_bsk_42045297.wav,Hello! Who is this?,Hello! Who is this?,hello who is this,hello who is this,0.0,0.0
common_voice_bsk_42045302.wav,You are my sweet heart,You are sweetheart,you are my sweet heart,you are sweetheart,60.0,18.18
common_voice_bsk_42045305.wav,I will drink wine,I will drink it tomorrow.,i will drink wine,i will drink it tomorrow,50.0,64.71
common_voice_bsk_42045312.wav,Be successful,May you prosper,be successful,may you prosper,150.0,92.31
common_voice_bsk_42045337.wav,The boy peed in his pants,The boy peed,the boy peed in his pants,the boy peed,50.0,52.0
common_voice_bsk_42045364.wav,He really loved me,He made me really happy,he really loved me,he made me really happy,100.0,88.89
common_voice_bsk_42045374.wav,Jan is standing between ammie and marry,Jan is standing between Annie and Marry,jan is standing between ammie and marry,jan is standing between annie and marry,14.29,5.13
common_voice_bsk_42045376.wav,I am guarding the livestock,I am looking after (guarding) cattle.,i am guarding the livestock,i am looking after guarding cattle,80.0,81.48
common_voice_bsk_42045377.wav,Give that pearl to her,Give her that pearl,give that pearl to her,give her that pearl,60.0,50.0
common_voice_bsk_42045395.wav,The boy peed in his pants,The boy peed his pants.,the boy peed in his pants,the boy peed his pants,16.67,12.0
common_voice_bsk_42045431.wav,"In Hunza, almost everyone has planted cherry trees",Many people in Hunza have planted cherry trees.,in hunza almost everyone has planted cherry trees,many people in hunza have planted cherry trees,62.5,46.94
common_voice_bsk_42045433.wav,Nothing,Nothing,nothing,nothing,0.0,0.0
common_voice_bsk_42045531.wav,What do we call this in burushaski,what do you call this in Burushahski?,what do we call this in burushaski,what do you call this in burushahski,28.57,11.76
common_voice_bsk_42045532.wav,My home is big,my house is big,my home is big,my house is big,25.0,14.29
common_voice_bsk_42045533.wav,How much is this?,How much is this for?,how much is this,how much is this for,25.0,25.0
common_voice_bsk_42045647.wav,he is infront/ ahead of me.,he is in front of me.,he is infront ahead of me,he is in front of me,33.33,28.0
common_voice_bsk_42045649.wav,when were you born?,when were you born,when were you born,when were you born,0.0,0.0
common_voice_bsk_42045676.wav,Hunza is before Gulmit.,hunza comes after gulmit,hunza is before gulmit,hunza comes after gulmit,50.0,40.91
common_voice_bsk_42045701.wav,How far is the city?,how far is it for the city?,how far is the city,how far is it for the city,40.0,36.84
common_voice_bsk_42045702.wav,it became like the sea.,It turned into an ocean.,it became like the sea,it turned into an ocean,80.0,72.73
common_voice_bsk_42045801.wav,the goat gave birth to twins.,The goat gave birth to twin kids.,the goat gave birth to twins,the goat gave birth to twin kids,33.33,14.29
common_voice_bsk_42045805.wav,where will you be tomorrow?,where will you be tomorrow?,where will you be tomorrow,where will you be tomorrow,0.0,0.0
common_voice_bsk_42045818.wav,you leave me alone.,leave me alone,you leave me alone,leave me alone,25.0,22.22
common_voice_bsk_42045820.wav,are you going home.,are you going home?,are you going home,are you going home,0.0,0.0
common_voice_bsk_42045827.wav,he saw that there was water flowing on the ditch.,he saw water running at a stream.,he saw that there was water flowing on the ditch,he saw water running at a stream,70.0,62.5
common_voice_bsk_42045828.wav,we got tired.,we got tired,we got tired,we got tired,0.0,0.0
common_voice_bsk_42045832.wav,i brush my teeth twice a day.,I brush my teeth twice a day.,i brush my teeth twice a day,i brush my teeth twice a day,0.0,0.0
common_voice_bsk_42045845.wav,i just ate the potatoes.,I just ate potatoes.,i just ate the potatoes,i just ate potatoes,20.0,17.39
common_voice_bsk_42045847.wav,i like bananas.,i love bananas.,i like bananas,i love bananas,33.33,14.29
common_voice_bsk_42045858.wav,we are from Hunza.,we are from Hunza.,we are from hunza,we are from hunza,0.0,0.0
common_voice_bsk_42045863.wav,they are here.,they are here,they are here,they are here,0.0,0.0
common_voice_bsk_42045864.wav,what is in the bag?,What is in this bag,what is in the bag,what is in this bag,20.0,11.11
common_voice_bsk_42045878.wav,King of Hunza gave land in Hunza Karimabad and one grandfather got married from Hunza.,the king of Hunza gave them land in Karimabad and an elderly man got married in Hunza.,king of hunza gave land in hunza karimabad and one grandfather got married from hunza,the king of hunza gave them land in karimabad and an elderly man got married in hunza,46.67,37.65
common_voice_bsk_42086654.wav,it is noon.,it has got noon.,it is noon,it has got noon,66.67,60.0
common_voice_bsk_42086670.wav,people in the past used to sit together under the moonlight when there was no electricity.,"in the winters, when there was no electricity, people used to gather.",people in the past used to sit together under the moonlight when there was no electricity,in the winters when there was no electricity people used to gather,81.25,71.91
common_voice_bsk_42086682.wav,you are mistaken here.,you are mistaken here.,you are mistaken here,you are mistaken here,0.0,0.0
common_voice_bsk_42086683.wav,i gave her a gift.,I sent a gift for him through them.,i gave her a gift,i sent a gift for him through them,120.0,147.06
common_voice_bsk_42086699.wav,give us mutton curry and vegetable curry.,give us mutton curry and vegetable curry.,give us mutton curry and vegetable curry,give us mutton curry and vegetable curry,0.0,0.0
common_voice_bsk_42086710.wav,i am drinking wine.,i am drinking wine.,i am drinking wine,i am drinking wine,0.0,0.0
common_voice_bsk_42086712.wav,fire extinguished.,the fire went out.,fire extinguished,the fire went out,150.0,82.35
common_voice_bsk_42086715.wav,they kept his name “Ashur Jar”,His name was kept Ashur Jan.,they kept his name “ashur jar”,his name was kept ashur jan,100.0,53.33
common_voice_bsk_42086718.wav,why shouldnt i eat a healthy goat rather than eating that skinny bull.,"i would not eat a healthy goat, and on top of that, eating a healthy bull.",why shouldnt i eat a healthy goat rather than eating that skinny bull,i would not eat a healthy goat and on top of that eating a healthy bull,76.92,44.93
common_voice_bsk_42086724.wav,it is a bit far from here.,it is a bit far from here.,it is a bit far from here,it is a bit far from here,0.0,0.0
common_voice_bsk_42086740.wav,I will be going.,i am about to leave.,i will be going,i am about to leave,100.0,100.0
common_voice_bsk_42086741.wav,the bird complained to the wind.,the wind complained to the bird.,the bird complained to the wind,the wind complained to the bird,33.33,12.9
common_voice_bsk_42086747.wav,bananas are good.,The bananas are good.,bananas are good,the bananas are good,33.33,25.0
common_voice_bsk_42086756.wav,he moved away.,He moved.,he moved away,he moved,33.33,38.46
common_voice_bsk_42086887.wav,you ask questions from them.,you ask them a question.,you ask questions from them,you ask them a question,60.0,59.26
common_voice_bsk_42086888.wav,it is the story of Wind Horse and the Ghost.,"It is the story of the wind, the horse and the gnome.",it is the story of wind horse and the ghost,it is the story of the wind the horse and the gnome,30.0,25.58
common_voice_bsk_42086921.wav,you came.,You came?,you came,you came,0.0,0.0
common_voice_bsk_42086947.wav,we were gone until he arrived.,he was hungry before.,we were gone until he arrived,he was hungry before,100.0,65.52
common_voice_bsk_42086972.wav,she is my wife.,she is my wife.,she is my wife,she is my wife,0.0,0.0
common_voice_bsk_42086986.wav,"yes, i can understand it a little.",yes I can understand a little,yes i can understand it a little,yes i can understand a little,14.29,9.38
common_voice_bsk_42086989.wav,ask a question from her.,Ask her a question.,ask a question from her,ask her a question,60.0,56.52
common_voice_bsk_42087500.wav,are you tired?,are you tired?,are you tired,are you tired,0.0,0.0
common_voice_bsk_42093967.wav,there is a small table next to the bed.,The bed is next to the small bench.,there is a small table next to the bed,the bed is next to the small bench,77.78,68.42
common_voice_bsk_42095475.wav,the flowers bloomed.,My skin tore apart.,the flowers bloomed,my skin tore apart,133.33,94.74
common_voice_bsk_42095486.wav,do you understand english?,Do you understand English?,do you understand english,do you understand english,0.0,0.0
common_voice_bsk_42095496.wav,all of you go.,all of you leave,all of you go,all of you leave,25.0,38.46
common_voice_bsk_42095498.wav,drop me right here.,Will you heat it here?,drop me right here,will you heat it here,100.0,72.22
common_voice_bsk_42095543.wav,she shouted at me,She shouted on me.,she shouted at me,she shouted on me,25.0,11.76
common_voice_bsk_42095553.wav,i walked this road before.,i have walked through this road before.,i walked this road before,i have walked through this road before,40.0,52.0
common_voice_bsk_42095554.wav,please sit down.,sit down,please sit down,sit down,33.33,46.67
common_voice_bsk_42095613.wav,there are 3 men.,they are three men.,there are 3 men,they are three men,50.0,46.67
common_voice_bsk_42095620.wav,Drinking like the wolf and the sheep.,just like a wolf and sheep,drinking like the wolf and the sheep,just like a wolf and sheep,42.86,41.67
common_voice_bsk_42095622.wav,it is 1 o’clock.,it is 1 o’clock.,it is 1 o’clock,it is 1 o’clock,0.0,0.0
common_voice_bsk_42095627.wav,wash your hands.,wash your hands,wash your hands,wash your hands,0.0,0.0
common_voice_bsk_42095638.wav,i left home.,I left the house,i left home,i left the house,66.67,54.55
common_voice_bsk_42095641.wav,he used to play guitar really good and used to recite farsi and burushaski devotional poems.,he used to sing chardabur dultas and used to read maqabat by using a horse and a horse.,he used to play guitar really good and used to recite farsi and burushaski devotional poems,he used to sing chardabur dultas and used to read maqabat by using a horse and a horse,81.25,57.14
common_voice_bsk_42095645.wav,"it is  dawn, wake up.","It’s morning, get up!",it is dawn wake up,it’s morning get up,80.0,61.11
common_voice_bsk_42095646.wav,may you succeed.,May you prosper.,may you succeed,may you prosper,33.33,40.0
common_voice_bsk_42095649.wav,it is from right there.,It is that way.,it is from right there,it is that way,60.0,63.64
common_voice_bsk_42095653.wav,Run thrice around the house.,he ran around the house three times.,run thrice around the house,he ran around the house three times,80.0,74.07
common_voice_bsk_42095654.wav,come now.,Now come,come now,now come,100.0,75.0
common_voice_bsk_42095671.wav,move away from the fire.,stay away from fire.,move away from the fire,stay away from fire,40.0,34.78
common_voice_bsk_42095675.wav,how much money do you have?,How much money do you have?,how much money do you have,how much money do you have,0.0,0.0
common_voice_bsk_42095693.wav,The cat did not eat the mouse.,the cat did not eat the mouse.,the cat did not eat the mouse,the cat did not eat the mouse,0.0,0.0
common_voice_bsk_42095694.wav,It’s scorching hot.,he burnt us.,it’s scorching hot,he burnt us,100.0,77.78
common_voice_bsk_42095703.wav,What are you saying?,what are you saying?,what are you saying,what are you saying,0.0,0.0
common_voice_bsk_42095707.wav,When do you close the shop?,when are you closing the shop?,when do you close the shop,when are you closing the shop,33.33,23.08
common_voice_bsk_42095711.wav,This coat does not suit me.,this coat does not suit me,this coat does not suit me,this coat does not suit me,0.0,0.0
common_voice_bsk_42095713.wav,Your brother kisses you.,you are giving me a bad feeling/you are giving me a bad feeling.,your brother kisses you,you are giving me a bad feelingyou are giving me a bad feeling,325.0,217.39
common_voice_bsk_42095714.wav,Did you have a,did you make a judgment?,did you have a,did you make a judgment,50.0,78.57
common_voice_bsk_42095725.wav,Everyday their parents dropped them off at school.,I will take my children to school daily.,everyday their parents dropped them off at school,i will take my children to school daily,100.0,79.59
common_voice_bsk_42095744.wav,Where did you go yesterday?,Where did you go yesterday?,where did you go yesterday,where did you go yesterday,0.0,0.0
common_voice_bsk_42095761.wav,It’s too far from here till there.,It’s very far from here.,it’s too far from here till there,it’s very far from here,42.86,45.45
common_voice_bsk_42095778.wav,Where do we wash our hands?,where is the place for washing hands.,where do we wash our hands,where is the place for washing hands,83.33,69.23
common_voice_bsk_42095781.wav,"Or else here in Hunza, children love their paternal grandparents more than their mothers.","In our Hunza, children are more connected to their grandparents than to their mothers.",or else here in hunza children love their paternal grandparents more than their mothers,in our hunza children are more connected to their grandparents than to their mothers,78.57,48.28
common_voice_bsk_42095789.wav,Open your eyes!,The water did not put out the fire.,open your eyes,the water did not put out the fire,266.67,192.86
common_voice_bsk_42095799.wav,It rained quite a lot.,It rained a lot.,it rained quite a lot,it rained a lot,20.0,28.57
common_voice_bsk_42095807.wav,The sky is rumbling.,There is thunder in the sky,the sky is rumbling,there is thunder in the sky,150.0,100.0
common_voice_bsk_42095822.wav,Is your family doing well?,Are your children good?,is your family doing well,are your children good,80.0,60.0
common_voice_bsk_42095827.wav,Are there any cheaper than these?,Is there anything cheaper than these?,are there any cheaper than these,is there anything cheaper than these,33.33,25.0
common_voice_bsk_42095834.wav,When do you come here?,People were scared of him,when do you come here,people were scared of him,100.0,95.24
common_voice_bsk_42095840.wav,"When nobody held its hand, the bird got very upset/saddened.","When someone held the baby's hand, the bird felt very bad",when nobody held its hand the bird got very upsetsaddened,when someone held the babys hand the bird felt very bad,50.0,47.37
common_voice_bsk_42095843.wav,Show me your palm.,show me your palm,show me your palm,show me your palm,0.0,0.0
common_voice_bsk_42095844.wav,Sit down.,Sit down,sit down,sit down,0.0,0.0
common_voice_bsk_42188952.wav,The sky is rumbling.,There is thunder in the sky.,the sky is rumbling,there is thunder in the sky,150.0,100.0
common_voice_bsk_42188983.wav,The food was very delicious.,The food they made was very tasty.,the food was very delicious,the food they made was very tasty,60.0,70.37
common_voice_bsk_42188986.wav,Are you hungry? (plural),Are you hungry?,are you hungry plural,are you hungry,25.0,33.33
common_voice_bsk_42189058.wav,Who all went along?,Who accompanied you?,who all went along,who accompanied you,75.0,72.22
common_voice_bsk_42189069.wav,He came yesterday near dawn.,He came in the dark.,he came yesterday near dawn,he came in the dark,60.0,51.85
common_voice_bsk_42189074.wav,I am doing well. How about you?,"It’s Haram, tell me.",i am doing well how about you,it’s haram tell me,100.0,75.86
common_voice_bsk_42189089.wav,How are you (all) doing?,How are you?,how are you all doing,how are you,40.0,47.62
common_voice_bsk_42189091.wav,He works everyday.,He works daily.,he works everyday,he works daily,33.33,41.18
common_voice_bsk_42189107.wav,Cherries get sold at very high prices.,Cherries sell for a high price,cherries get sold at very high prices,cherries sell for a high price,71.43,35.14
common_voice_bsk_42189116.wav,Take care of yourself.,Take care of yourself.,take care of yourself,take care of yourself,0.0,0.0
common_voice_bsk_42189119.wav,"He said angrily, “get out of here”.",He said with anger “Go Away”,he said angrily “get out of here”,he said with anger “go away”,71.43,54.55
common_voice_bsk_42189126.wav,"The woman I told you about, this is her.",I told the woman in the garden that she is hers.,the woman i told you about this is her,i told the woman in the garden that she is hers,88.89,65.79
common_voice_bsk_42189137.wav,Grandfather was very tall.,Grandpa was too tall.,grandfather was very tall,grandpa was too tall,50.0,36.0
common_voice_bsk_42189142.wav,This is beyond my comprehension.,It is beyond my thinking.,this is beyond my comprehension,it is beyond my thinking,40.0,41.94
common_voice_bsk_42189155.wav,We could freeze from the cold.,It is freezing cold.,we could freeze from the cold,it is freezing cold,83.33,58.62
common_voice_bsk_42189163.wav,O dear cat! Please go ahead and eat that mouse.,"Dear cat, please eat that rat.",o dear cat please go ahead and eat that mouse,dear cat please eat that rat,50.0,44.44
common_voice_bsk_42189183.wav,It/He paced around wondering how to get out the pearl.,He was struggling to find the pearl.,ithe paced around wondering how to get out the pearl,he was struggling to find the pearl,70.0,55.77
common_voice_bsk_42189187.wav,I had eaten the rice when Tyler called.,I just ate rice and Tyler called me.,i had eaten the rice when tyler called,i just ate rice and tyler called me,62.5,44.74
common_voice_bsk_42189195.wav,Where are you headed off to?,Where have they gone?,where are you headed off to,where have they gone,83.33,59.26
common_voice_bsk_42189198.wav,Do you need something?,do you need anything?,do you need something,do you need anything,25.0,19.05
common_voice_bsk_42189199.wav,May you turn green.,You turn green.,may you turn green,you turn green,25.0,22.22
common_voice_bsk_42189204.wav,I ate potatoes last month.,I ate potatoes last month.,i ate potatoes last month,i ate potatoes last month,0.0,0.0
common_voice_bsk_42189215.wav,Go to your room.,Go to your room,go to your room,go to your room,0.0,0.0
common_voice_bsk_42189218.wav,Many congratulations on your wedding!,Many congratulations on your wedding,many congratulations on your wedding,many congratulations on your wedding,0.0,0.0
common_voice_bsk_42189220.wav,He really likes this story.,He loves this story so much.,he really likes this story,he loves this story so much,80.0,65.38
common_voice_bsk_42189230.wav,When were you born?,When did you come?,when were you born,when did you come,50.0,38.89
common_voice_bsk_42189349.wav,The rice fell.,The rice spilled.,the rice fell,the rice spilled,33.33,38.46
common_voice_bsk_42189354.wav,I had a dream,I saw a dream.,i had a dream,i saw a dream,25.0,15.38
common_voice_bsk_42189364.wav,The sun has risen.,The sun has rise,the sun has risen,the sun has rise,25.0,5.88
common_voice_bsk_42189365.wav,wishing you a quick recovery.,Get well soon,wishing you a quick recovery,get well soon,100.0,85.71
common_voice_bsk_42189384.wav,You sleep every day.,You sleep every day.,you sleep every day,you sleep every day,0.0,0.0
common_voice_bsk_42189386.wav,She listened to my words.,She listened to me.,she listened to my words,she listened to me,40.0,29.17
common_voice_bsk_42189389.wav,I didn’t see her.,I did not see her.,i didn’t see her,i did not see her,50.0,12.5
common_voice_bsk_42189409.wav,I thanked the woman who helped me.,I said thank you to the woman who helped me,i thanked the woman who helped me,i said thank you to the woman who helped me,57.14,36.36
common_voice_bsk_42189420.wav,The wolf went to eat the bull.,They went to eat rice.,the wolf went to eat the bull,they went to eat rice,57.14,44.83
common_voice_bsk_42189423.wav,Please give me your contact number.,Give me your number,please give me your contact number,give me your number,33.33,44.12
common_voice_bsk_42189435.wav,She cried.,She cried.,she cried,she cried,0.0,0.0
common_voice_bsk_42189440.wav,She is lost.,She is sleeping.,she is lost,she is sleeping,33.33,63.64
common_voice_bsk_42189448.wav,Tutor my son.,I taught my son to read.,tutor my son,i taught my son to read,133.33,116.67
common_voice_bsk_42189453.wav,What is your name?,What is your name?,what is your name,what is your name,0.0,0.0
common_voice_bsk_42189457.wav,The sun rose.,The sun rose.,the sun rose,the sun rose,0.0,0.0
common_voice_bsk_42189460.wav,I am sick.,I am ill,i am sick,i am ill,33.33,33.33
common_voice_bsk_42189461.wav,This is called “spoon” in Burushaski.,This is called spoon in Burushaski.,this is called “spoon” in burushaski,this is called spoon in burushaski,16.67,5.56
common_voice_bsk_42189489.wav,I will rest for a bit.,I will take a rest,i will rest for a bit,i will take a rest,50.0,47.62
common_voice_bsk_42189500.wav,He is lost.,He fell down.,he is lost,he fell down,66.67,70.0
common_voice_bsk_42189502.wav,There are two men.,There are two men,there are two men,there are two men,0.0,0.0
common_voice_bsk_42189508.wav,We’re from Hunza.,We are from Hunza,we’re from hunza,we are from hunza,66.67,12.5
common_voice_bsk_42189509.wav,I’m upset,I am tired.,i’m upset,i am tired,150.0,66.67
common_voice_bsk_42189514.wav,It’s long like a rope,It is long like a rope,it’s long like a rope,it is long like a rope,40.0,9.52
common_voice_bsk_42189516.wav,It requested/begged from the water.,He requested water,it requestedbegged from the water,he requested water,80.0,51.52
common_voice_bsk_42189517.wav,It was very thankful to the wind,It thanked the air,it was very thankful to the wind,it thanked the air,71.43,56.25
common_voice_bsk_42189538.wav,You work every day.,You work daily.,you work every day,you work daily,50.0,44.44
common_voice_bsk_42189542.wav,I am old.,I am old.,i am old,i am old,0.0,0.0
common_voice_bsk_42189549.wav,He ate an infant everyday,He ate one infant each day.,he ate an infant everyday,he ate one infant each day,60.0,24.0
common_voice_bsk_42189569.wav,How much do they charge for one day?,How much do you charge per day,how much do they charge for one day,how much do you charge per day,37.5,28.57
common_voice_bsk_42189571.wav,Don’t make me boil in anger,Dance the biriyat,don’t make me boil in anger,dance the biriyat,100.0,66.67
common_voice_bsk_42189604.wav,I am studying,I am studying.,i am studying,i am studying,0.0,0.0
common_voice_bsk_42189605.wav,He was disheartened. He couldn’t figure out anything.,The bird got tired of the heat and started walking around the house.,he was disheartened he couldn’t figure out anything,the bird got tired of the heat and started walking around the house,162.5,98.04
common_voice_bsk_42189613.wav,You didn’t come that’s why I left,I went because you didn’t come.,you didn’t come that’s why i left,i went because you didn’t come,100.0,81.82
common_voice_bsk_42201693.wav,What are you saying?,What are you saying?,what are you saying,what are you saying,0.0,0.0
common_voice_bsk_42201754.wav,Who are you?,Who are you?,who are you,who are you,0.0,0.0
common_voice_bsk_42201776.wav,What are YOU saying?,What are you saying?,what are you saying,what are you saying,0.0,0.0
common_voice_bsk_42203143.wav,The infant has fallen ill,The child got sick,the infant has fallen ill,the child got sick,80.0,72.0
common_voice_bsk_42203178.wav,The wind whispered its grievance to the bird,The wind complained to the bird.,the wind whispered its grievance to the bird,the wind complained to the bird,37.5,45.45
common_voice_bsk_42268851.wav,What do we even have here?,What do we have here?,what do we even have here,what do we have here,16.67,20.0
common_voice_bsk_42268870.wav,He has a nauseating persona,He has a nauseating persona,he has a nauseating persona,he has a nauseating persona,0.0,0.0
common_voice_bsk_42268871.wav,"No, it’s done","No, it’s sweet",no it’s done,no it’s sweet,33.33,33.33
common_voice_bsk_42268872.wav,Be obedient,"You got hurt, didn’t you?",be obedient,you got hurt didn’t you,250.0,154.55
common_voice_bsk_42268900.wav,Try to understand,What time is it?,try to understand,what time is it,133.33,82.35
common_voice_bsk_42276261.wav,Be obedient,Please wait a moment.,be obedient,please wait a moment,200.0,136.36
common_voice_bsk_42310437.wav,It’s not like my heart has a door that I can open,"Nanaji’s life was short, but everyone’s life was short.",it’s not like my heart has a door that i can open,nanaji’s life was short but everyone’s life was short,100.0,79.59
common_voice_bsk_42310439.wav,It made my skin crawl with fear,It made my skin crawl with fear,it made my skin crawl with fear,it made my skin crawl with fear,0.0,0.0
common_voice_bsk_42310453.wav,It's such a weird cold weather out there,It’s strangely cold outside.,its such a weird cold weather out there,it’s strangely cold outside,87.5,58.97
common_voice_bsk_42310458.wav,"No, It’s done","No, it’s sweet",no it’s done,no it’s sweet,33.33,33.33
common_voice_bsk_42310468.wav,This is a chapshoro,This is a chapshuro,this is a chapshoro,this is a chapshuro,25.0,5.26
common_voice_bsk_42310471.wav,She was pitying her,She felt bad for her.,she was pitying her,she felt bad for her,75.0,57.89
common_voice_bsk_42310503.wav,It made their heart ache,Their heart ached,it made their heart ache,their heart ached,60.0,37.5
common_voice_bsk_42310531.wav,He’s such a stingy person,"He is a strange, naughty person.",he’s such a stingy person,he is a strange naughty person,80.0,60.0
common_voice_bsk_42310533.wav,Look ahead of you,Look ahead of you.,look ahead of you,look ahead of you,0.0,0.0
common_voice_bsk_42310589.wav,Your heart ached,The baby cried.,your heart ached,the baby cried,100.0,68.75
common_voice_bsk_42310618.wav,Don’t be naughty,Don’t make me angry,don’t be naughty,don’t make me angry,100.0,56.25
common_voice_bsk_42310646.wav,Try to understand,You have a cold,try to understand,you have a cold,133.33,82.35
common_voice_bsk_42310750.wav,What do you say dearest? Do you think the bread(phiti) has been baked yet?,"How can I help you, my dear? I think he will give us bread by tomorrow morning.",what do you say dearest do you think the breadphiti has been baked yet,how can i help you my dear i think he will give us bread by tomorrow morning,114.29,77.14
common_voice_bsk_42310876.wav,She felt pitiful towards her,She died and went away.,she felt pitiful towards her,she died and went away,80.0,75.0
common_voice_bsk_42310930.wav,What a stingy person he is,he is a strange person,what a stingy person he is,he is a strange person,83.33,53.85
common_voice_bsk_42310932.wav,They don't get along well,They don’t get along,they dont get along well,they don’t get along,40.0,25.0
common_voice_bsk_42310950.wav,Encourage him.,Encourage him,encourage him,encourage him,0.0,0.0
common_voice_bsk_42311977.wav,Do you understand English?,Do you understand English?,do you understand english,do you understand english,0.0,0.0
common_voice_bsk_42312006.wav,The water also got angry at him.,The water got angry at him too.,the water also got angry at him,the water got angry at him too,28.57,29.03
common_voice_bsk_42312010.wav,It really frustrated him.,The bird got frustrated.,it really frustrated him,the bird got frustrated,100.0,58.33
common_voice_bsk_42312642.wav,The bull also got angry.,The buffalo got angry,the bull also got angry,the buffalo got angry,40.0,17.39
common_voice_bsk_42312645.wav,You slept a bit early today.,You have gone to bed early tonight!,you slept a bit early today,you have gone to bed early tonight,83.33,62.96
common_voice_bsk_42312661.wav,the old lady was scared because of what she had seen,"Seeing it, the old woman almost died (from fear)",the old lady was scared because of what she had seen,seeing it the old woman almost died from fear,100.0,76.92
common_voice_bsk_42312663.wav,the dog is in the box,The dog is in the box,the dog is in the box,the dog is in the box,0.0,0.0
common_voice_bsk_42312674.wav,Greetings!,"Assalamualaikum, salam maar",greetings,assalamualaikum salam maar,300.0,266.67
common_voice_bsk_42312676.wav,There are potatoes in this bag.,There are potatoes in this bag.,there are potatoes in this bag,there are potatoes in this bag,0.0,0.0
common_voice_bsk_42312686.wav,Where are you from?,Where are you from?,where are you from,where are you from,0.0,0.0
common_voice_bsk_42312688.wav,He is a prisoner.,He is a prisoner.,he is a prisoner,he is a prisoner,0.0,0.0
common_voice_bsk_42312689.wav,It made my heart ache.,It made my heart ache.,it made my heart ache,it made my heart ache,0.0,0.0
common_voice_bsk_42331033.wav,What time is it?,What time is it?,what time is it,what time is it,0.0,0.0
common_voice_bsk_42331035.wav,"Everyone, don’t run.","Everyone, do not run!",everyone don’t run,everyone do not run,66.67,11.11
common_voice_bsk_42331049.wav,I am much too regretful.,I am regretful.,i am much too regretful,i am regretful,40.0,39.13
common_voice_bsk_42331050.wav,The boy is tall.,The boy is tall.,the boy is tall,the boy is tall,0.0,0.0
common_voice_bsk_42331051.wav,She mounted the horse.,She mounted that horse.,she mounted the horse,she mounted that horse,25.0,9.52
common_voice_bsk_42331068.wav,Run!,RUN!,run,run,0.0,0.0
common_voice_bsk_42331100.wav,Show me your palm.,Keep the story short.,show me your palm,keep the story short,100.0,88.24
common_voice_bsk_42331146.wav,Hold her hand.,Hold her hand,hold her hand,hold her hand,0.0,0.0
common_voice_bsk_42331147.wav,"In the past, a lot of people used to come to the tent too.","Previously, a lot of people used to come to the tent too.",in the past a lot of people used to come to the tent too,previously a lot of people used to come to the tent too,21.43,19.64
common_voice_bsk_42331162.wav,I turned off the light bulb.,I turned off the light,i turned off the light bulb,i turned off the light,16.67,18.52
common_voice_bsk_42331177.wav,"After marriage, he went back to his hometown. The old lady was here in Hunza.",He went to his town after getting married. Grandmother was in Hunza.,after marriage he went back to his hometown the old lady was here in hunza,he went to his town after getting married grandmother was in hunza,60.0,70.27
common_voice_bsk_42331190.wav,It was her ring.,It was her ring,it was her ring,it was her ring,0.0,0.0
common_voice_bsk_42331208.wav,Don’t ask them a question.,Don’t ask them a question.,don’t ask them a question,don’t ask them a question,0.0,0.0
common_voice_bsk_42331243.wav,I’ll see you soon.,I will see you soon.,i’ll see you soon,i will see you soon,50.0,17.65
common_voice_bsk_42331250.wav,Both of you come in.,Come back soon.,both of you come in,come back soon,100.0,73.68
common_voice_bsk_42331256.wav,Get lost!,Get aside.,get lost,get aside,50.0,62.5
common_voice_bsk_42331260.wav,The fire died.,The fire died out.,the fire died,the fire died out,33.33,30.77
common_voice_bsk_42331264.wav,Where were they taken?,Where did you take them?,where were they taken,where did you take them,100.0,61.9
common_voice_bsk_42331267.wav,It became almost like a sea.,It turned into an ocean.,it became almost like a sea,it turned into an ocean,83.33,70.37
common_voice_bsk_42331278.wav,"Please have a look, my precious child.",Get well soon,please have a look my precious child,get well soon,100.0,83.33
common_voice_bsk_42331282.wav,"No, thank you. I am just taking a look.","No, I’m not looking for a job.",no thank you i am just taking a look,no i’m not looking for a job,77.78,69.44
common_voice_bsk_42389633.wav,"The wise person understands the value of time, and the nightingale understands the value of the flower.",A stone is worth as much as time and a bird is worth as much as its skin.,the wise person understands the value of time and the nightingale understands the value of the flower,a stone is worth as much as time and a bird is worth as much as its skin,94.12,69.31
common_voice_bsk_42389634.wav,Just like burning shri badat in fire.,Like the burning of an iron pipe.,just like burning shri badat in fire,like the burning of an iron pipe,85.71,52.78
common_voice_bsk_42389747.wav,You have turned Hindu,Like a Hindu.,you have turned hindu,like a hindu,75.0,61.9
common_voice_bsk_42390334.wav,"If you stay with bad people, you’ll become bad; if you stay with good people, you’ll become good.",If you work with a skilled person your work will be rewarded.,if you stay with bad people you’ll become bad if you stay with good people you’ll become good,if you work with a skilled person your work will be rewarded,83.33,64.52
common_voice_bsk_42390566.wav,One extraordinary person is equal to one hundred ordinary people.,One good life is worth 100 years.,one extraordinary person is equal to one hundred ordinary people,one good life is worth 100 years,80.0,73.44
common_voice_bsk_42390613.wav,What happened? Did rats eat the path?,Do you know the song of the mouse?,what happened did rats eat the path,do you know the song of the mouse,100.0,74.29
common_voice_bsk_42419099.wav,We have to dance according to the music.,We have to fight back what is already there.,we have to dance according to the music,we have to fight back what is already there,75.0,66.67
common_voice_bsk_42419134.wav,Prosperity of the house depends on the woman.,The shepherd is happy when the sheep is good.,prosperity of the house depends on the woman,the shepherd is happy when the sheep is good,112.5,84.09
common_voice_bsk_42419174.wav,"Tall Head, Tall Shoulders.","Your head is tall, but your body is tall too.",tall head tall shoulders,your head is tall but your body is tall too,200.0,116.67
common_voice_bsk_42419194.wav,Scolding someone who is already doing good.,Like when you are hurt and still people are scolding you instead to helping.,scolding someone who is already doing good,like when you are hurt and still people are scolding you instead to helping,200.0,138.1
common_voice_bsk_42419358.wav,Silent.,Like a snake attacking a birds chicks,silent,like a snake attacking a birds chicks,700.0,550.0
common_voice_bsk_42419380.wav,Like the bull that does’t go.,Like a bull that has no brain.,like the bull that does’t go,like a bull that has no brain,66.67,50.0
common_voice_bsk_42419398.wav,Not accepting your own mistakes.,Who is thankful to their owner,not accepting your own mistakes,who is thankful to their owner,120.0,83.87
common_voice_bsk_42419432.wav,Not accepting embarrassment.,"Sit and listen, I have a plan for you.",not accepting embarrassment,sit and listen i have a plan for you,300.0,103.7
common_voice_bsk_42419435.wav,Don’t play around.,Don’t speak loudly.,don’t play around,don’t speak loudly,66.67,47.06
common_voice_bsk_42419478.wav,You should listen to Elder's advice.,Old people are always talking about what is happening in the present.,you should listen to elders advice,old people are always talking about what is happening in the present,200.0,152.94
common_voice_bsk_42419511.wav,An animal is sacrificed for human life and human life gets sacrificed for shame and embarrassment.,Give money to the poor and charity to the rich.,an animal is sacrificed for human life and human life gets sacrificed for shame and embarrassment,give money to the poor and charity to the rich,93.75,77.32
common_voice_bsk_42419537.wav,Like fish in the water.,Like a snake that eats dirt.,like fish in the water,like a snake that eats dirt,100.0,63.64
common_voice_bsk_42419618.wav,What is destined will happen.,Destiny comes in due time.,what is destined will happen,destiny comes in due time,100.0,75.0
common_voice_bsk_42419678.wav,You should learn from your own mistakes.,One should not beat one's own cat with a stone.,you should learn from your own mistakes,one should not beat ones own cat with a stone,114.29,74.36
common_voice_bsk_42419679.wav,You learn with practice.,What is the use of working when there is no work.,you learn with practice,what is the use of working when there is no work,275.0,169.57
common_voice_bsk_42432122.wav,Someone who is needy.,It is like when a piece of cloth is stuck to a thorn.,someone who is needy,it is like when a piece of cloth is stuck to a thorn,300.0,210.0
common_voice_bsk_42432123.wav,When I had teeth I did not have bread to eat. Now I don’t have teeth and have bread.,There is no bread without butter,when i had teeth i did not have bread to eat now i don’t have teeth and have bread,there is no bread without butter,94.74,70.73
common_voice_bsk_42433990.wav,Don’t get involved in activities that damage your reputation.,Destiny comes according to one’s own capacity.,don’t get involved in activities that damage your reputation,destiny comes according to one’s own capacity,100.0,70.0
common_voice_bsk_42434075.wav,"Clothes of strangers, children are yours.",Your children will be better off than your own children.,clothes of strangers children are yours,your children will be better off than your own children,166.67,112.82
common_voice_bsk_42434116.wav,Cut your nails.,Set your own future aside.,cut your nails,set your own future aside,133.33,107.14
common_voice_bsk_42434135.wav,You can enjoy life when you are healthy.,Tell the world with a life.,you can enjoy life when you are healthy,tell the world with a life,100.0,76.92
common_voice_bsk_42434216.wav,Is there an empty room?,Is any room vacant?,is there an empty room,is any room vacant,80.0,77.27
common_voice_bsk_42434307.wav,When an infant cries the mother gives him milk.,When an infant cries the mother feeds him milk.,when an infant cries the mother gives him milk,when an infant cries the mother feeds him milk,11.11,8.7
common_voice_bsk_42434417.wav,He is irritating.,He has a nauseating persona,he is irritating,he has a nauseating persona,133.33,106.25
common_voice_bsk_42434433.wav,How distant is the city?,How far is it to the city?,how distant is the city,how far is it to the city,60.0,39.13
common_voice_bsk_42434501.wav,Donkey can’t take the load of a camel.,"Dogs are barking, but the donkey is still not here.",donkey can’t take the load of a camel,dogs are barking but the donkey is still not here,112.5,94.59
common_voice_bsk_42446068.wav,The snake which disobeyed the Prophet,It has got noon.,the snake which disobeyed the prophet,it has got noon,100.0,81.08
common_voice_bsk_42446104.wav,who calls their own buttermilk sour,Who says thanks to their own builder,who calls their own buttermilk sour,who says thanks to their own builder,83.33,62.86
common_voice_bsk_42446146.wav,There was a cat in the house,He saw a cat in the house,there was a cat in the house,he saw a cat in the house,28.57,17.86
common_voice_bsk_42446149.wav,Keep your body. Give your heart to God and you will have a high place,"When your body is in pain, and when your heart is in pain, you will see a bigger, taller tree.",keep your body give your heart to god and you will have a high place,when your body is in pain and when your heart is in pain you will see a bigger taller tree,86.67,64.71
common_voice_bsk_42446181.wav,I woke you up,I woke you up.,i woke you up,i woke you up,0.0,0.0
common_voice_bsk_42446182.wav,Men and women both are Humans. Both have skills better than each other,"Man and woman both are child of Adam, Both are good in their own capacities.",men and women both are humans both have skills better than each other,man and woman both are child of adam both are good in their own capacities,84.62,52.17
common_voice_bsk_42446186.wav,Bananas are good,The bananas are good,bananas are good,the bananas are good,33.33,25.0
common_voice_bsk_42446188.wav,Who are you,Who are you(Plural),who are you,who are youplural,33.33,54.55
common_voice_bsk_42446236.wav,The elders used to tell stories at night,"Late at night, old people used to tell stories",the elders used to tell stories at night,late at night old people used to tell stories,87.5,67.5
common_voice_bsk_42446334.wav,Who ate my lunch,Who ate my food,who ate my lunch,who ate my food,25.0,31.25
common_voice_bsk_42446352.wav,The car bumped into the house,The car ended up inside the house.,the car bumped into the house,the car ended up inside the house,50.0,37.93
common_voice_bsk_42446353.wav,when you skin the cow and break the knife while skinning the tail,Like a knife that cuts through the skin after it has eaten a cow.,when you skin the cow and break the knife while skinning the tail,like a knife that cuts through the skin after it has eaten a cow,107.69,76.92
common_voice_bsk_42446361.wav,His daughter helped kill him,His daughter helped in killing him,his daughter helped kill him,his daughter helped in killing him,40.0,21.43
common_voice_bsk_42446387.wav,Every drop adds to form a river,Like drops combining to make a river.,every drop adds to form a river,like drops combining to make a river,57.14,61.29
common_voice_bsk_42446408.wav,Give me those red books,Like a book with red pages.,give me those red books,like a book with red pages,100.0,69.57
common_voice_bsk_42446577.wav,Just like Shiribadad (the cannibal king) ate the boys,Like the small bird’s wing getting stuck on the dirt.,just like shiribadad the cannibal king ate the boys,like the small bird’s wing getting stuck on the dirt,100.0,76.47
common_voice_bsk_42446578.wav,just like giving cow dung to dogs,just like a dog barking at a sheep,just like giving cow dung to dogs,just like a dog barking at a sheep,85.71,57.58
common_voice_bsk_42446580.wav,I am sleeping at 9,I will sleep at 9:00,i am sleeping at 9,i will sleep at 900,60.0,50.0
common_voice_bsk_42446592.wav,just like a lion buys a house,Like the Lion that takes everything by power.,just like a lion buys a house,like the lion that takes everything by power,100.0,110.34
common_voice_bsk_42447050.wav,I know that she is your daughter,I know he is your brother.,i know that she is your daughter,i know he is your brother,42.86,34.38
common_voice_bsk_42447082.wav,I apologize; there is no space,"Forgive me, there is no space.",i apologize there is no space,forgive me there is no space,33.33,34.48
common_voice_bsk_42447102.wav,Is it the door of my heart that I can open,If there is a door in my heart I will open it for you.,is it the door of my heart that i can open,if there is a door in my heart i will open it for you,90.91,71.43
common_voice_bsk_42527601.wav,You arrived?,Come here,you arrived,come here,100.0,72.73
common_voice_bsk_42527606.wav,I did not eat food.,I did not eat the food.,i did not eat food,i did not eat the food,20.0,22.22
common_voice_bsk_42527617.wav,He married twice.,He had two marriages.,he married twice,he had two marriages,100.0,81.25
common_voice_bsk_42527618.wav,They say our grandfather came to Hunza from Iran.,"They say, ""Our grandfather came to Hunza from Iran.""",they say our grandfather came to hunza from iran,they say our grandfather came to hunza from iran,0.0,0.0
common_voice_bsk_42527627.wav,I heard a tune.,I listened to a tune.,i heard a tune,i listened to a tune,50.0,64.29
common_voice_bsk_42527629.wav,I shook it.,I shaked it.,i shook it,i shaked it,33.33,40.0
common_voice_bsk_42527642.wav,This is mine.,This is mine.,this is mine,this is mine,0.0,0.0
common_voice_bsk_42527654.wav,His own daughter helped in his murder.,His daughter helped in killing him,his own daughter helped in his murder,his daughter helped in killing him,42.86,37.84
common_voice_bsk_42527662.wav,Where are you from?,Where are you from?,where are you from,where are you from,0.0,0.0
common_voice_bsk_42527667.wav,I walked for 20 minutes.,I walked for twenty minutes.,i walked for 20 minutes,i walked for twenty minutes,20.0,26.09
common_voice_bsk_42527668.wav,All of you run,Everyone run,all of you run,everyone run,75.0,64.29
common_voice_bsk_42527669.wav,I put out the fire,I put out the fire.,i put out the fire,i put out the fire,0.0,0.0
common_voice_bsk_42527674.wav,How much money do you have?,How much money do you have?,how much money do you have,how much money do you have,0.0,0.0
common_voice_bsk_42527676.wav,"While crying, it looked down and saw an old lady in the house.","While he was crying and looked down, he saw an old woman outside her house.",while crying it looked down and saw an old lady in the house,while he was crying and looked down he saw an old woman outside her house,53.85,43.33
common_voice_bsk_42527697.wav,The apples are green,The apples are green.,the apples are green,the apples are green,0.0,0.0
common_voice_bsk_42527704.wav,We went after he came,We left when she came.,we went after he came,we left when she came,60.0,33.33
common_voice_bsk_42527715.wav,You sleep everyday,You sleep every day.,you sleep everyday,you sleep every day,66.67,5.56
common_voice_bsk_42527716.wav,Michael is good among all the boys,"Out of all the boys, Michael is good at cooking.",michael is good among all the boys,out of all the boys michael is good at cooking,128.57,105.88
common_voice_bsk_42527740.wav,I felt too much cold,I felt so cold.,i felt too much cold,i felt so cold,40.0,35.0
common_voice_bsk_42527756.wav,It has been windy since yesterday.,Wind is blowing since yesterday.,it has been windy since yesterday,wind is blowing since yesterday,66.67,33.33
